Métrica,Valor
Acurácia Média,0.771363388384665
Sensibilidade Média,0.9038461538461539
Especificidade Média,0.8343934434359965
