Métrica,Valor
Acurácia,0.40425531914893614
Matriz de Confusão,"[[38  9]
 [ 1  0]]"
Relatório de Classificação,"{'0': {'precision': 0.9743589743589743, 'recall': 0.8085106382978723, 'f1-score': 0.8837209302325582, 'support': 47}, '1': {'precision': 0.0, 'recall': 0.0, 'f1-score': 0.0, 'support': 1}, 'accuracy': 0.7916666666666666, 'macro avg': {'precision': 0.48717948717948717, 'recall': 0.40425531914893614, 'f1-score': 0.4418604651162791, 'support': 48}, 'weighted avg': {'precision': 0.9540598290598291, 'recall': 0.7916666666666666, 'f1-score': 0.8653100775193798, 'support': 48}}"
Sensibilidade,0.7916666666666666
Especificidade,0.8085106382978723
