Métrica,Valor
Acurácia,0.24468085106382978
Matriz de Confusão,"[[23 24]
 [ 1  0]]"
Relatório de Classificação,"{'0': {'precision': 0.9583333333333334, 'recall': 0.48936170212765956, 'f1-score': 0.6478873239436619, 'support': 47}, '1': {'precision': 0.0, 'recall': 0.0, 'f1-score': 0.0, 'support': 1}, 'accuracy': 0.4791666666666667, 'macro avg': {'precision': 0.4791666666666667, 'recall': 0.24468085106382978, 'f1-score': 0.32394366197183094, 'support': 48}, 'weighted avg': {'precision': 0.9383680555555557, 'recall': 0.4791666666666667, 'f1-score': 0.6343896713615023, 'support': 48}}"
Sensibilidade,0.4791666666666667
Especificidade,0.48936170212765956
