Métrica,Valor
Acurácia Média,0.4705989708513601
Sensibilidade Média,0.5251479289940829
Especificidade Média,0.9542499167499167
