Métrica,Valor
Acurácia,0.5401559454191033
Matriz de Confusão,"[[12  2  5]
 [ 4  7  7]
 [ 2  4  9]]"
Relatório de Classificação,"{'-1.0': {'precision': 0.6666666666666666, 'recall': 0.631578947368421, 'f1-score': 0.6486486486486486, 'support': 19}, '0.0': {'precision': 0.5384615384615384, 'recall': 0.3888888888888889, 'f1-score': 0.45161290322580644, 'support': 18}, '1.0': {'precision': 0.42857142857142855, 'recall': 0.6, 'f1-score': 0.5, 'support': 15}, 'accuracy': 0.5384615384615384, 'macro avg': {'precision': 0.5445665445665445, 'recall': 0.5401559454191033, 'f1-score': 0.533420517291485, 'support': 52}, 'weighted avg': {'precision': 0.5536066497604959, 'recall': 0.5384615384615384, 'f1-score': 0.5375645496613238, 'support': 52}}"
Sensibilidade,0.5384615384615384
Especificidade,0.8571428571428571
