Métrica,Valor
Acurácia,0.42424242424242425
Matriz de Confusão,"[[14  1  7]
 [ 3  0  5]
 [ 6  2 14]]"
Relatório de Classificação,"{'-1.0': {'precision': 0.6086956521739131, 'recall': 0.6363636363636364, 'f1-score': 0.6222222222222223, 'support': 22}, '0.0': {'precision': 0.0, 'recall': 0.0, 'f1-score': 0.0, 'support': 8}, '1.0': {'precision': 0.5384615384615384, 'recall': 0.6363636363636364, 'f1-score': 0.5833333333333334, 'support': 22}, 'accuracy': 0.5384615384615384, 'macro avg': {'precision': 0.38238573021181715, 'recall': 0.42424242424242425, 'f1-score': 0.4018518518518519, 'support': 52}, 'weighted avg': {'precision': 0.4853357344996141, 'recall': 0.5384615384615384, 'f1-score': 0.5100427350427351, 'support': 52}}"
Sensibilidade,0.5384615384615384
Especificidade,0.9333333333333333
