Métrica,Valor
Acurácia,0.4801587301587302
Matriz de Confusão,"[[19  0  9]
 [ 3  0  0]
 [ 5  0 16]]"
Relatório de Classificação,"{'-1.0': {'precision': 0.7037037037037037, 'recall': 0.6785714285714286, 'f1-score': 0.6909090909090909, 'support': 28}, '0.0': {'precision': 0.0, 'recall': 0.0, 'f1-score': 0.0, 'support': 3}, '1.0': {'precision': 0.64, 'recall': 0.7619047619047619, 'f1-score': 0.6956521739130435, 'support': 21}, 'accuracy': 0.6730769230769231, 'macro avg': {'precision': 0.44790123456790126, 'recall': 0.4801587301587302, 'f1-score': 0.4621870882740448, 'support': 52}, 'weighted avg': {'precision': 0.6373789173789173, 'recall': 0.6730769230769231, 'f1-score': 0.6529644268774704, 'support': 52}}"
Sensibilidade,0.6730769230769231
Especificidade,1.0
