Métrica,Valor
Acurácia,0.46547619047619043
Matriz de Confusão,"[[ 4  0  3]
 [12  1 27]
 [ 1  0  4]]"
Relatório de Classificação,"{'-1.0': {'precision': 0.23529411764705882, 'recall': 0.5714285714285714, 'f1-score': 0.3333333333333333, 'support': 7}, '0.0': {'precision': 1.0, 'recall': 0.025, 'f1-score': 0.04878048780487806, 'support': 40}, '1.0': {'precision': 0.11764705882352941, 'recall': 0.8, 'f1-score': 0.20512820512820512, 'support': 5}, 'accuracy': 0.17307692307692307, 'macro avg': {'precision': 0.45098039215686275, 'recall': 0.46547619047619043, 'f1-score': 0.19574734208880548, 'support': 52}, 'weighted avg': {'precision': 0.8122171945701357, 'recall': 0.17307692307692307, 'f1-score': 0.10211911290710542, 'support': 52}}"
Sensibilidade,0.17307692307692307
Especificidade,1.0
