Métrica,Valor
Acurácia,0.6202020202020203
Matriz de Confusão,"[[ 8  3  4]
 [ 4 16  2]
 [ 4  2  9]]"
Relatório de Classificação,"{'-1.0': {'precision': 0.5, 'recall': 0.5333333333333333, 'f1-score': 0.5161290322580646, 'support': 15}, '0.0': {'precision': 0.7619047619047619, 'recall': 0.7272727272727273, 'f1-score': 0.7441860465116279, 'support': 22}, '1.0': {'precision': 0.6, 'recall': 0.6, 'f1-score': 0.6, 'support': 15}, 'accuracy': 0.6346153846153846, 'macro avg': {'precision': 0.6206349206349207, 'recall': 0.6202020202020203, 'f1-score': 0.6201050262565642, 'support': 52}, 'weighted avg': {'precision': 0.6396520146520146, 'recall': 0.6346153846153846, 'f1-score': 0.6368082405216688, 'support': 52}}"
Sensibilidade,0.6346153846153846
Especificidade,0.7272727272727273
