Métrica,Valor
Acurácia,0.3455598455598456
Matriz de Confusão,"[[ 4  0  4]
 [18  4 15]
 [ 3  1  3]]"
Relatório de Classificação,"{'-1.0': {'precision': 0.16, 'recall': 0.5, 'f1-score': 0.24242424242424243, 'support': 8}, '0.0': {'precision': 0.8, 'recall': 0.10810810810810811, 'f1-score': 0.19047619047619047, 'support': 37}, '1.0': {'precision': 0.13636363636363635, 'recall': 0.42857142857142855, 'f1-score': 0.20689655172413793, 'support': 7}, 'accuracy': 0.21153846153846154, 'macro avg': {'precision': 0.3654545454545455, 'recall': 0.3455598455598456, 'f1-score': 0.2132656615415236, 'support': 52}, 'weighted avg': {'precision': 0.6122027972027972, 'recall': 0.21153846153846154, 'f1-score': 0.20067863171311448, 'support': 52}}"
Sensibilidade,0.21153846153846154
Especificidade,1.0
