Métrica,Valor
Acurácia,0.4333333333333333
Matriz de Confusão,"[[19  1 10]
 [ 0  0  1]
 [ 7  0 14]]"
Relatório de Classificação,"{'-1.0': {'precision': 0.7307692307692307, 'recall': 0.6333333333333333, 'f1-score': 0.6785714285714285, 'support': 30}, '0.0': {'precision': 0.0, 'recall': 0.0, 'f1-score': 0.0, 'support': 1}, '1.0': {'precision': 0.56, 'recall': 0.6666666666666666, 'f1-score': 0.6086956521739131, 'support': 21}, 'accuracy': 0.6346153846153846, 'macro avg': {'precision': 0.4302564102564103, 'recall': 0.4333333333333333, 'f1-score': 0.4290890269151138, 'support': 52}, 'weighted avg': {'precision': 0.6477514792899408, 'recall': 0.6346153846153846, 'f1-score': 0.6373029144768275, 'support': 52}}"
Sensibilidade,0.6346153846153846
Especificidade,0.95
