Métrica,Valor
Acurácia,0.5306763285024155
Matriz de Confusão,"[[14  0  9]
 [ 3  3  3]
 [ 6  1 13]]"
Relatório de Classificação,"{'-1.0': {'precision': 0.6086956521739131, 'recall': 0.6086956521739131, 'f1-score': 0.6086956521739131, 'support': 23}, '0.0': {'precision': 0.75, 'recall': 0.3333333333333333, 'f1-score': 0.46153846153846156, 'support': 9}, '1.0': {'precision': 0.52, 'recall': 0.65, 'f1-score': 0.5777777777777778, 'support': 20}, 'accuracy': 0.5769230769230769, 'macro avg': {'precision': 0.626231884057971, 'recall': 0.5306763285024155, 'f1-score': 0.5493372971633842, 'support': 52}, 'weighted avg': {'precision': 0.5990384615384615, 'recall': 0.5769230769230769, 'f1-score': 0.5713346482577252, 'support': 52}}"
Sensibilidade,0.5769230769230769
Especificidade,1.0
