Métrica,Valor
Acurácia,0.5189393939393939
Matriz de Confusão,"[[15  1  6]
 [ 3  1  2]
 [ 5  2 17]]"
Relatório de Classificação,"{'-1.0': {'precision': 0.6521739130434783, 'recall': 0.6818181818181818, 'f1-score': 0.6666666666666666, 'support': 22}, '0.0': {'precision': 0.25, 'recall': 0.16666666666666666, 'f1-score': 0.2, 'support': 6}, '1.0': {'precision': 0.68, 'recall': 0.7083333333333334, 'f1-score': 0.6938775510204083, 'support': 24}, 'accuracy': 0.6346153846153846, 'macro avg': {'precision': 0.5273913043478261, 'recall': 0.5189393939393939, 'f1-score': 0.5201814058956916, 'support': 52}, 'weighted avg': {'precision': 0.6186120401337794, 'recall': 0.6346153846153846, 'f1-score': 0.6253793825222397, 'support': 52}}"
Sensibilidade,0.6346153846153846
Especificidade,0.9375
