Métrica,Valor
Acurácia Média,0.444088261919827
Sensibilidade Média,0.4778106508875739
Especificidade Média,0.8531809914966619
