Métrica,Valor
Acurácia,0.40615384615384614
Matriz de Confusão,"[[17  1  7]
 [ 0  0  1]
 [ 9  3 14]]"
Relatório de Classificação,"{'-1.0': {'precision': 0.6538461538461539, 'recall': 0.68, 'f1-score': 0.6666666666666666, 'support': 25}, '0.0': {'precision': 0.0, 'recall': 0.0, 'f1-score': 0.0, 'support': 1}, '1.0': {'precision': 0.6363636363636364, 'recall': 0.5384615384615384, 'f1-score': 0.5833333333333334, 'support': 26}, 'accuracy': 0.5961538461538461, 'macro avg': {'precision': 0.43006993006993005, 'recall': 0.40615384615384614, 'f1-score': 0.4166666666666667, 'support': 52}, 'weighted avg': {'precision': 0.6325309306078537, 'recall': 0.5961538461538461, 'f1-score': 0.6121794871794871, 'support': 52}}"
Sensibilidade,0.5961538461538461
Especificidade,0.9444444444444444
