Métrica,Valor
Acurácia,0.5111111111111111
Matriz de Confusão,"[[ 3  0  3]
 [13  8 19]
 [ 1  0  5]]"
Relatório de Classificação,"{'-1.0': {'precision': 0.17647058823529413, 'recall': 0.5, 'f1-score': 0.2608695652173913, 'support': 6}, '0.0': {'precision': 1.0, 'recall': 0.2, 'f1-score': 0.33333333333333337, 'support': 40}, '1.0': {'precision': 0.18518518518518517, 'recall': 0.8333333333333334, 'f1-score': 0.303030303030303, 'support': 6}, 'accuracy': 0.3076923076923077, 'macro avg': {'precision': 0.4538852578068264, 'recall': 0.5111111111111111, 'f1-score': 0.29907773386034253, 'support': 52}, 'weighted avg': {'precision': 0.810960281548517, 'recall': 0.3076923076923077, 'f1-score': 0.3214756258234519, 'support': 52}}"
Sensibilidade,0.3076923076923077
Especificidade,1.0
