Métrica,Valor
Acurácia,0.3661111111111111
Matriz de Confusão,"[[11  4  9]
 [ 2  0  1]
 [ 4  5 16]]"
Relatório de Classificação,"{'-1.0': {'precision': 0.6470588235294118, 'recall': 0.4583333333333333, 'f1-score': 0.5365853658536585, 'support': 24}, '0.0': {'precision': 0.0, 'recall': 0.0, 'f1-score': 0.0, 'support': 3}, '1.0': {'precision': 0.6153846153846154, 'recall': 0.64, 'f1-score': 0.6274509803921569, 'support': 25}, 'accuracy': 0.5192307692307693, 'macro avg': {'precision': 0.42081447963800905, 'recall': 0.3661111111111111, 'f1-score': 0.3880121154152718, 'support': 52}, 'weighted avg': {'precision': 0.5945005221023322, 'recall': 0.5192307692307693, 'f1-score': 0.549313909428687, 'support': 52}}"
Sensibilidade,0.5192307692307693
Especificidade,0.7333333333333333
