Métrica,Valor
Acurácia,0.4916666666666667
Matriz de Confusão,"[[11  0  5]
 [ 6  7  7]
 [ 6  3  7]]"
Relatório de Classificação,"{'-1.0': {'precision': 0.4782608695652174, 'recall': 0.6875, 'f1-score': 0.5641025641025642, 'support': 16}, '0.0': {'precision': 0.7, 'recall': 0.35, 'f1-score': 0.4666666666666667, 'support': 20}, '1.0': {'precision': 0.3684210526315789, 'recall': 0.4375, 'f1-score': 0.39999999999999997, 'support': 16}, 'accuracy': 0.4807692307692308, 'macro avg': {'precision': 0.5155606407322655, 'recall': 0.4916666666666667, 'f1-score': 0.47692307692307695, 'support': 52}, 'weighted avg': {'precision': 0.5297482837528604, 'recall': 0.4807692307692308, 'f1-score': 0.4761341222879685, 'support': 52}}"
Sensibilidade,0.4807692307692308
Especificidade,1.0
