Métrica,Valor
Acurácia,0.31124338624338627
Matriz de Confusão,"[[ 4  2  3]
 [16  4 15]
 [ 3  2  3]]"
Relatório de Classificação,"{'-1.0': {'precision': 0.17391304347826086, 'recall': 0.4444444444444444, 'f1-score': 0.25, 'support': 9}, '0.0': {'precision': 0.5, 'recall': 0.11428571428571428, 'f1-score': 0.18604651162790695, 'support': 35}, '1.0': {'precision': 0.14285714285714285, 'recall': 0.375, 'f1-score': 0.20689655172413796, 'support': 8}, 'accuracy': 0.21153846153846154, 'macro avg': {'precision': 0.2722567287784679, 'recall': 0.31124338624338627, 'f1-score': 0.21431435445068167, 'support': 52}, 'weighted avg': {'precision': 0.38861681796464403, 'recall': 0.21153846153846154, 'f1-score': 0.2003230830917278, 'support': 52}}"
Sensibilidade,0.21153846153846154
Especificidade,0.6666666666666666
