Métrica,Valor
Acurácia,0.3933574879227053
Matriz de Confusão,"[[11  5  8]
 [ 3  1  1]
 [ 8  3 12]]"
Relatório de Classificação,"{'-1.0': {'precision': 0.5, 'recall': 0.4583333333333333, 'f1-score': 0.4782608695652174, 'support': 24}, '0.0': {'precision': 0.1111111111111111, 'recall': 0.2, 'f1-score': 0.14285714285714285, 'support': 5}, '1.0': {'precision': 0.5714285714285714, 'recall': 0.5217391304347826, 'f1-score': 0.5454545454545454, 'support': 23}, 'accuracy': 0.46153846153846156, 'macro avg': {'precision': 0.3941798941798942, 'recall': 0.3933574879227053, 'f1-score': 0.3888575192923019, 'support': 52}, 'weighted avg': {'precision': 0.49420024420024417, 'recall': 0.46153846153846156, 'f1-score': 0.47573079094818227, 'support': 52}}"
Sensibilidade,0.46153846153846156
Especificidade,0.6875
