Métrica,Valor
Acurácia,0.670995670995671
Matriz de Confusão,"[[11  1  2]
 [ 4 16  2]
 [ 4  4  8]]"
Relatório de Classificação,"{'-1.0': {'precision': 0.5789473684210527, 'recall': 0.7857142857142857, 'f1-score': 0.6666666666666667, 'support': 14}, '0.0': {'precision': 0.7619047619047619, 'recall': 0.7272727272727273, 'f1-score': 0.7441860465116279, 'support': 22}, '1.0': {'precision': 0.6666666666666666, 'recall': 0.5, 'f1-score': 0.5714285714285715, 'support': 16}, 'accuracy': 0.6730769230769231, 'macro avg': {'precision': 0.669172932330827, 'recall': 0.670995670995671, 'f1-score': 0.6607604282022886, 'support': 52}, 'weighted avg': {'precision': 0.683342972816657, 'recall': 0.6730769230769231, 'f1-score': 0.6701592980662749, 'support': 52}}"
Sensibilidade,0.6730769230769231
Especificidade,0.9166666666666666
