Métrica,Valor
Acurácia,0.5533008658008658
Matriz de Confusão,"[[ 9  1  6]
 [ 2  9  3]
 [ 8  4 10]]"
Relatório de Classificação,"{'-1.0': {'precision': 0.47368421052631576, 'recall': 0.5625, 'f1-score': 0.5142857142857142, 'support': 16}, '0.0': {'precision': 0.6428571428571429, 'recall': 0.6428571428571429, 'f1-score': 0.6428571428571429, 'support': 14}, '1.0': {'precision': 0.5263157894736842, 'recall': 0.45454545454545453, 'f1-score': 0.4878048780487805, 'support': 22}, 'accuracy': 0.5384615384615384, 'macro avg': {'precision': 0.5476190476190476, 'recall': 0.5533008658008658, 'f1-score': 0.5483159117305458, 'support': 52}, 'weighted avg': {'precision': 0.541497975708502, 'recall': 0.5384615384615384, 'f1-score': 0.537697668185473, 'support': 52}}"
Sensibilidade,0.5384615384615384
Especificidade,0.9
