Métrica,Valor
Acurácia Média,0.4557585997667488
Sensibilidade Média,0.5123076923076924
Especificidade Média,0.9087303721919107
