Métrica,Valor
Acurácia,0.670995670995671
Matriz de Confusão,"[[ 8  3  3]
 [ 4 16  2]
 [ 2  2 10]]"
Relatório de Classificação,"{'-1.0': {'precision': 0.5714285714285714, 'recall': 0.5714285714285714, 'f1-score': 0.5714285714285714, 'support': 14}, '0.0': {'precision': 0.7619047619047619, 'recall': 0.7272727272727273, 'f1-score': 0.7441860465116279, 'support': 22}, '1.0': {'precision': 0.6666666666666666, 'recall': 0.7142857142857143, 'f1-score': 0.689655172413793, 'support': 14}, 'accuracy': 0.68, 'macro avg': {'precision': 0.6666666666666666, 'recall': 0.670995670995671, 'f1-score': 0.6684232634513307, 'support': 50}, 'weighted avg': {'precision': 0.6819047619047618, 'recall': 0.68, 'f1-score': 0.6805453087409784, 'support': 50}}"
Sensibilidade,0.68
Especificidade,0.7272727272727273
