Métrica,Valor
Acurácia,0.5684095860566449
Matriz de Confusão,"[[11  2  5]
 [ 7  5  5]
 [ 1  2 12]]"
Relatório de Classificação,"{'-1.0': {'precision': 0.5789473684210527, 'recall': 0.6111111111111112, 'f1-score': 0.5945945945945946, 'support': 18}, '0.0': {'precision': 0.5555555555555556, 'recall': 0.29411764705882354, 'f1-score': 0.3846153846153846, 'support': 17}, '1.0': {'precision': 0.5454545454545454, 'recall': 0.8, 'f1-score': 0.6486486486486486, 'support': 15}, 'accuracy': 0.56, 'macro avg': {'precision': 0.5599858231437179, 'recall': 0.5684095860566449, 'f1-score': 0.5426195426195426, 'support': 50}, 'weighted avg': {'precision': 0.5609463051568315, 'recall': 0.56, 'f1-score': 0.5394178794178793, 'support': 50}}"
Sensibilidade,0.56
Especificidade,0.8461538461538461
