Métrica,Valor
Acurácia,0.42777777777777776
Matriz de Confusão,"[[10  1  4]
 [10  1  4]
 [ 9  0 11]]"
Relatório de Classificação,"{'-1.0': {'precision': 0.3448275862068966, 'recall': 0.6666666666666666, 'f1-score': 0.4545454545454545, 'support': 15}, '0.0': {'precision': 0.5, 'recall': 0.06666666666666667, 'f1-score': 0.11764705882352941, 'support': 15}, '1.0': {'precision': 0.5789473684210527, 'recall': 0.55, 'f1-score': 0.5641025641025641, 'support': 20}, 'accuracy': 0.44, 'macro avg': {'precision': 0.47459165154264976, 'recall': 0.42777777777777776, 'f1-score': 0.3787650258238493, 'support': 50}, 'weighted avg': {'precision': 0.48502722323048997, 'recall': 0.44, 'f1-score': 0.3972987796517208, 'support': 50}}"
Sensibilidade,0.44
Especificidade,0.9090909090909091
