Métrica,Valor
Acurácia Média,0.7896449704142012
Sensibilidade Média,0.9515669515669517
Especificidade Média,0.8869822485207101
