Métrica,Valor
Acurácia Média,0.8010935143288085
Sensibilidade Média,0.9571005917159763
Especificidade Média,0.8906485671191553
