Métrica,Valor
Acurácia,0.37254901960784315
Matriz de Confusão,"[[38 13]
 [ 1  0]]"
Relatório de Classificação,"{'0': {'precision': 0.9743589743589743, 'recall': 0.7450980392156863, 'f1-score': 0.8444444444444443, 'support': 51}, '1': {'precision': 0.0, 'recall': 0.0, 'f1-score': 0.0, 'support': 1}, 'accuracy': 0.7307692307692307, 'macro avg': {'precision': 0.48717948717948717, 'recall': 0.37254901960784315, 'f1-score': 0.42222222222222217, 'support': 52}, 'weighted avg': {'precision': 0.9556213017751479, 'recall': 0.7307692307692307, 'f1-score': 0.8282051282051281, 'support': 52}}"
Sensibilidade,0.7307692307692307
Especificidade,0.7450980392156863
