Métrica,Valor
Acurácia,0.5416666666666667
Matriz de Confusão,"[[40  8]
 [ 3  1]]"
Relatório de Classificação,"{'0': {'precision': 0.9302325581395349, 'recall': 0.8333333333333334, 'f1-score': 0.8791208791208791, 'support': 48}, '1': {'precision': 0.1111111111111111, 'recall': 0.25, 'f1-score': 0.15384615384615383, 'support': 4}, 'accuracy': 0.7884615384615384, 'macro avg': {'precision': 0.520671834625323, 'recall': 0.5416666666666667, 'f1-score': 0.5164835164835164, 'support': 52}, 'weighted avg': {'precision': 0.8672232160604254, 'recall': 0.7884615384615384, 'f1-score': 0.8233305156382079, 'support': 52}}"
Sensibilidade,0.7884615384615384
Especificidade,0.8333333333333334
