Métrica,Valor
Acurácia Média,0.8551587301587301
Sensibilidade Média,0.9395604395604397
Especificidade Média,0.857308201058201
