Métrica,Valor
Acurácia Média,0.7738283396819982
Sensibilidade Média,0.8923076923076925
Especificidade Média,0.8238027555100726
