Métrica,Valor
Acurácia,0.4451219512195122
Matriz de Confusão,"[[16 25]
 [ 2  2]]"
Relatório de Classificação,"{'0': {'precision': 0.8888888888888888, 'recall': 0.3902439024390244, 'f1-score': 0.5423728813559323, 'support': 41}, '1': {'precision': 0.07407407407407407, 'recall': 0.5, 'f1-score': 0.12903225806451613, 'support': 4}, 'accuracy': 0.4, 'macro avg': {'precision': 0.48148148148148145, 'recall': 0.4451219512195122, 'f1-score': 0.3357025697102242, 'support': 45}, 'weighted avg': {'precision': 0.8164609053497942, 'recall': 0.4, 'f1-score': 0.5056314926189175, 'support': 45}}"
Sensibilidade,0.4
Especificidade,0.3902439024390244
