Métrica,Valor
Acurácia,0.23863636363636365
Matriz de Confusão,"[[21 23]
 [ 1  0]]"
Relatório de Classificação,"{'0': {'precision': 0.9545454545454546, 'recall': 0.4772727272727273, 'f1-score': 0.6363636363636365, 'support': 44}, '1': {'precision': 0.0, 'recall': 0.0, 'f1-score': 0.0, 'support': 1}, 'accuracy': 0.4666666666666667, 'macro avg': {'precision': 0.4772727272727273, 'recall': 0.23863636363636365, 'f1-score': 0.31818181818181823, 'support': 45}, 'weighted avg': {'precision': 0.9333333333333333, 'recall': 0.4666666666666667, 'f1-score': 0.6222222222222223, 'support': 45}}"
Sensibilidade,0.4666666666666667
Especificidade,0.4772727272727273
