Métrica,Valor
Acurácia Média,0.8689601139601139
Sensibilidade Média,0.9643874643874644
Especificidade Média,0.8931908831908832
