Métrica,Valor
Acurácia Média,0.49449723287089253
Sensibilidade Média,0.5484330484330484
Especificidade Média,0.9541885464962387
