Métrica,Valor
Acurácia,0.7550802139037432
Matriz de Confusão,"[[12  1  2]
 [ 3 18  1]
 [ 5  1 11]]"
Relatório de Classificação,"{'-1.0': {'precision': 0.6, 'recall': 0.8, 'f1-score': 0.6857142857142857, 'support': 15}, '0.0': {'precision': 0.9, 'recall': 0.8181818181818182, 'f1-score': 0.8571428571428572, 'support': 22}, '1.0': {'precision': 0.7857142857142857, 'recall': 0.6470588235294118, 'f1-score': 0.7096774193548386, 'support': 17}, 'accuracy': 0.7592592592592593, 'macro avg': {'precision': 0.7619047619047619, 'recall': 0.7550802139037432, 'f1-score': 0.7508448540706606, 'support': 54}, 'weighted avg': {'precision': 0.7806878306878308, 'recall': 0.7592592592592593, 'f1-score': 0.7630995050349889, 'support': 54}}"
Sensibilidade,0.7592592592592593
Especificidade,0.9230769230769231
