Métrica,Valor
Acurácia,0.6111111111111112
Matriz de Confusão,"[[ 5  0  1]
 [23  0 18]
 [ 0  0  7]]"
Relatório de Classificação,"{'-1.0': {'precision': 0.17857142857142858, 'recall': 0.8333333333333334, 'f1-score': 0.29411764705882354, 'support': 6}, '0.0': {'precision': 0.0, 'recall': 0.0, 'f1-score': 0.0, 'support': 41}, '1.0': {'precision': 0.2692307692307692, 'recall': 1.0, 'f1-score': 0.42424242424242425, 'support': 7}, 'accuracy': 0.2222222222222222, 'macro avg': {'precision': 0.14926739926739926, 'recall': 0.6111111111111112, 'f1-score': 0.23945335710041593, 'support': 54}, 'weighted avg': {'precision': 0.054741554741554746, 'recall': 0.2222222222222222, 'f1-score': 0.08767412688981316, 'support': 54}}"
Sensibilidade,0.2222222222222222
Especificidade,1.0
