Métrica,Valor
Acurácia,0.48033273915626856
Matriz de Confusão,"[[11  0  6]
 [ 1  1 13]
 [ 6  0 16]]"
Relatório de Classificação,"{'-1.0': {'precision': 0.6111111111111112, 'recall': 0.6470588235294118, 'f1-score': 0.6285714285714287, 'support': 17}, '0.0': {'precision': 1.0, 'recall': 0.06666666666666667, 'f1-score': 0.125, 'support': 15}, '1.0': {'precision': 0.45714285714285713, 'recall': 0.7272727272727273, 'f1-score': 0.5614035087719298, 'support': 22}, 'accuracy': 0.5185185185185185, 'macro avg': {'precision': 0.6894179894179895, 'recall': 0.48033273915626856, 'f1-score': 0.4383249791144528, 'support': 54}, 'weighted avg': {'precision': 0.6564079952968842, 'recall': 0.5185185185185185, 'f1-score': 0.46132576812401377, 'support': 54}}"
Sensibilidade,0.5185185185185185
Especificidade,1.0
