Métrica,Valor
Acurácia,0.2634920634920635
Matriz de Confusão,"[[ 4  1  5]
 [15  2 18]
 [ 4  2  3]]"
Relatório de Classificação,"{'-1.0': {'precision': 0.17391304347826086, 'recall': 0.4, 'f1-score': 0.24242424242424243, 'support': 10}, '0.0': {'precision': 0.4, 'recall': 0.05714285714285714, 'f1-score': 0.09999999999999999, 'support': 35}, '1.0': {'precision': 0.11538461538461539, 'recall': 0.3333333333333333, 'f1-score': 0.17142857142857146, 'support': 9}, 'accuracy': 0.16666666666666666, 'macro avg': {'precision': 0.22976588628762543, 'recall': 0.2634920634920635, 'f1-score': 0.1712842712842713, 'support': 54}, 'weighted avg': {'precision': 0.31069614765266945, 'recall': 0.16666666666666666, 'f1-score': 0.13827962161295493, 'support': 54}}"
Sensibilidade,0.16666666666666666
Especificidade,0.8
