Métrica,Valor
Acurácia Média,0.5726905691641245
Sensibilidade Média,0.6253561253561254
Especificidade Média,0.9269517247458422
