Métrica,Valor
Acurácia,0.5679394564843481
Matriz de Confusão,"[[12  3  3]
 [ 4  6  7]
 [ 5  1 13]]"
Relatório de Classificação,"{'-1.0': {'precision': 0.5714285714285714, 'recall': 0.6666666666666666, 'f1-score': 0.6153846153846153, 'support': 18}, '0.0': {'precision': 0.6, 'recall': 0.35294117647058826, 'f1-score': 0.4444444444444445, 'support': 17}, '1.0': {'precision': 0.5652173913043478, 'recall': 0.6842105263157895, 'f1-score': 0.6190476190476191, 'support': 19}, 'accuracy': 0.5740740740740741, 'macro avg': {'precision': 0.5788819875776396, 'recall': 0.5679394564843481, 'f1-score': 0.5596255596255596, 'support': 54}, 'weighted avg': {'precision': 0.5782378651943868, 'recall': 0.5740740740740741, 'f1-score': 0.5628589517478406, 'support': 54}}"
Sensibilidade,0.5740740740740741
Especificidade,0.8
