Métrica,Valor
Acurácia,0.5206349206349207
Matriz de Confusão,"[[ 4  0  1]
 [16  8 18]
 [ 3  0  4]]"
Relatório de Classificação,"{'-1.0': {'precision': 0.17391304347826086, 'recall': 0.8, 'f1-score': 0.2857142857142857, 'support': 5}, '0.0': {'precision': 1.0, 'recall': 0.19047619047619047, 'f1-score': 0.32, 'support': 42}, '1.0': {'precision': 0.17391304347826086, 'recall': 0.5714285714285714, 'f1-score': 0.26666666666666666, 'support': 7}, 'accuracy': 0.2962962962962963, 'macro avg': {'precision': 0.4492753623188405, 'recall': 0.5206349206349207, 'f1-score': 0.29079365079365077, 'support': 54}, 'weighted avg': {'precision': 0.8164251207729469, 'recall': 0.2962962962962963, 'f1-score': 0.30991181657848327, 'support': 54}}"
Sensibilidade,0.2962962962962963
Especificidade,1.0
