Métrica,Valor
Acurácia,0.5158730158730158
Matriz de Confusão,"[[16  0  5]
 [ 3  0  2]
 [ 4  2 22]]"
Relatório de Classificação,"{'-1.0': {'precision': 0.6956521739130435, 'recall': 0.7619047619047619, 'f1-score': 0.7272727272727272, 'support': 21}, '0.0': {'precision': 0.0, 'recall': 0.0, 'f1-score': 0.0, 'support': 5}, '1.0': {'precision': 0.7586206896551724, 'recall': 0.7857142857142857, 'f1-score': 0.7719298245614034, 'support': 28}, 'accuracy': 0.7037037037037037, 'macro avg': {'precision': 0.4847576211894053, 'recall': 0.5158730158730158, 'f1-score': 0.4997341839447102, 'support': 54}, 'weighted avg': {'precision': 0.6638902770836803, 'recall': 0.7037037037037037, 'f1-score': 0.6830881918601216, 'support': 54}}"
Sensibilidade,0.7037037037037037
Especificidade,1.0
