Métrica,Valor
Acurácia,0.6885964912280702
Matriz de Confusão,"[[12  0  4]
 [ 3 12  4]
 [ 5  1 13]]"
Relatório de Classificação,"{'-1.0': {'precision': 0.6, 'recall': 0.75, 'f1-score': 0.6666666666666665, 'support': 16}, '0.0': {'precision': 0.9230769230769231, 'recall': 0.631578947368421, 'f1-score': 0.7499999999999999, 'support': 19}, '1.0': {'precision': 0.6190476190476191, 'recall': 0.6842105263157895, 'f1-score': 0.6500000000000001, 'support': 19}, 'accuracy': 0.6851851851851852, 'macro avg': {'precision': 0.7140415140415141, 'recall': 0.6885964912280702, 'f1-score': 0.6888888888888888, 'support': 54}, 'weighted avg': {'precision': 0.720377153710487, 'recall': 0.6851851851851852, 'f1-score': 0.6901234567901234, 'support': 54}}"
Sensibilidade,0.6851851851851852
Especificidade,1.0
