Métrica,Valor
Acurácia,0.5033238366571701
Matriz de Confusão,"[[20  1  6]
 [ 1  0  0]
 [ 4  2 20]]"
Relatório de Classificação,"{'-1.0': {'precision': 0.8, 'recall': 0.7407407407407407, 'f1-score': 0.7692307692307692, 'support': 27}, '0.0': {'precision': 0.0, 'recall': 0.0, 'f1-score': 0.0, 'support': 1}, '1.0': {'precision': 0.7692307692307693, 'recall': 0.7692307692307693, 'f1-score': 0.7692307692307693, 'support': 26}, 'accuracy': 0.7407407407407407, 'macro avg': {'precision': 0.5230769230769231, 'recall': 0.5033238366571701, 'f1-score': 0.5128205128205128, 'support': 54}, 'weighted avg': {'precision': 0.7703703703703704, 'recall': 0.7407407407407407, 'f1-score': 0.7549857549857549, 'support': 54}}"
Sensibilidade,0.7407407407407407
Especificidade,0.9523809523809523
