Métrica,Valor
Acurácia,0.4688644688644688
Matriz de Confusão,"[[15  2  4]
 [ 3  0  4]
 [ 7  1 18]]"
Relatório de Classificação,"{'-1.0': {'precision': 0.6, 'recall': 0.7142857142857143, 'f1-score': 0.6521739130434783, 'support': 21}, '0.0': {'precision': 0.0, 'recall': 0.0, 'f1-score': 0.0, 'support': 7}, '1.0': {'precision': 0.6923076923076923, 'recall': 0.6923076923076923, 'f1-score': 0.6923076923076923, 'support': 26}, 'accuracy': 0.6111111111111112, 'macro avg': {'precision': 0.43076923076923074, 'recall': 0.4688644688644688, 'f1-score': 0.44816053511705684, 'support': 54}, 'weighted avg': {'precision': 0.5666666666666667, 'recall': 0.6111111111111112, 'f1-score': 0.5869565217391304, 'support': 54}}"
Sensibilidade,0.6111111111111112
Especificidade,0.8823529411764706
