Métrica,Valor
Acurácia Média,0.8109956468652122
Sensibilidade Média,0.9063545150501671
Especificidade Média,0.8352019960715613
