Métrica,Valor
Acurácia,0.45555555555555555
Matriz de Confusão,"[[41  4]
 [ 1  0]]"
Relatório de Classificação,"{'0': {'precision': 0.9761904761904762, 'recall': 0.9111111111111111, 'f1-score': 0.9425287356321839, 'support': 45}, '1': {'precision': 0.0, 'recall': 0.0, 'f1-score': 0.0, 'support': 1}, 'accuracy': 0.8913043478260869, 'macro avg': {'precision': 0.4880952380952381, 'recall': 0.45555555555555555, 'f1-score': 0.47126436781609193, 'support': 46}, 'weighted avg': {'precision': 0.9549689440993789, 'recall': 0.8913043478260869, 'f1-score': 0.922038980509745, 'support': 46}}"
Sensibilidade,0.8913043478260869
Especificidade,0.9111111111111111
