Métrica,Valor
Acurácia,0.7222222222222222
Matriz de Confusão,"[[20 25]
 [ 0  1]]"
Relatório de Classificação,"{'0': {'precision': 1.0, 'recall': 0.4444444444444444, 'f1-score': 0.6153846153846153, 'support': 45}, '1': {'precision': 0.038461538461538464, 'recall': 1.0, 'f1-score': 0.07407407407407407, 'support': 1}, 'accuracy': 0.45652173913043476, 'macro avg': {'precision': 0.5192307692307693, 'recall': 0.7222222222222222, 'f1-score': 0.3447293447293447, 'support': 46}, 'weighted avg': {'precision': 0.9790969899665553, 'recall': 0.45652173913043476, 'f1-score': 0.6036169949213427, 'support': 46}}"
Sensibilidade,0.45652173913043476
Especificidade,0.4444444444444444
