Métrica,Valor
Acurácia Média,0.7788887941326965
Sensibilidade Média,0.9316239316239316
Especificidade Média,0.8654698959577009
