Métrica,Valor
Acurácia,0.2840909090909091
Matriz de Confusão,"[[25 19]
 [ 1  0]]"
Relatório de Classificação,"{'0': {'precision': 0.9615384615384616, 'recall': 0.5681818181818182, 'f1-score': 0.7142857142857143, 'support': 44}, '1': {'precision': 0.0, 'recall': 0.0, 'f1-score': 0.0, 'support': 1}, 'accuracy': 0.5555555555555556, 'macro avg': {'precision': 0.4807692307692308, 'recall': 0.2840909090909091, 'f1-score': 0.35714285714285715, 'support': 45}, 'weighted avg': {'precision': 0.9401709401709402, 'recall': 0.5555555555555556, 'f1-score': 0.6984126984126985, 'support': 45}}"
Sensibilidade,0.5555555555555556
Especificidade,0.5681818181818182
