Métrica,Valor
Acurácia Média,0.8370580212445043
Sensibilidade Média,0.9321266968325793
Especificidade Média,0.8508315950493673
