Métrica,Valor
Acurácia,0.7686170212765957
Matriz de Confusão,"[[37 10]
 [ 1  3]]"
Relatório de Classificação,"{'0': {'precision': 0.9736842105263158, 'recall': 0.7872340425531915, 'f1-score': 0.8705882352941177, 'support': 47}, '1': {'precision': 0.23076923076923078, 'recall': 0.75, 'f1-score': 0.3529411764705882, 'support': 4}, 'accuracy': 0.7843137254901961, 'macro avg': {'precision': 0.6022267206477733, 'recall': 0.7686170212765957, 'f1-score': 0.611764705882353, 'support': 51}, 'weighted avg': {'precision': 0.9154163689767404, 'recall': 0.7843137254901961, 'f1-score': 0.8299884659746253, 'support': 51}}"
Sensibilidade,0.7843137254901961
Especificidade,0.7872340425531915
