Métrica,Valor
Acurácia Média,0.5026820337830723
Sensibilidade Média,0.5369230769230771
Especificidade Média,0.7692377011202923
