Métrica,Valor
Acurácia,0.43859649122807015
Matriz de Confusão,"[[ 4  2  0]
 [15 12 11]
 [ 3  1  2]]"
Relatório de Classificação,"{'-1.0': {'precision': 0.18181818181818182, 'recall': 0.6666666666666666, 'f1-score': 0.28571428571428575, 'support': 6}, '0.0': {'precision': 0.8, 'recall': 0.3157894736842105, 'f1-score': 0.45283018867924535, 'support': 38}, '1.0': {'precision': 0.15384615384615385, 'recall': 0.3333333333333333, 'f1-score': 0.21052631578947367, 'support': 6}, 'accuracy': 0.36, 'macro avg': {'precision': 0.37855477855477854, 'recall': 0.43859649122807015, 'f1-score': 0.3163569300610016, 'support': 50}, 'weighted avg': {'precision': 0.6482797202797203, 'recall': 0.36, 'f1-score': 0.4036998155766776, 'support': 50}}"
Sensibilidade,0.36
Especificidade,0.6666666666666666
