Métrica,Valor
Acurácia,0.3988095238095238
Matriz de Confusão,"[[ 5  2  1]
 [12 15  8]
 [ 2  4  1]]"
Relatório de Classificação,"{'-1.0': {'precision': 0.2631578947368421, 'recall': 0.625, 'f1-score': 0.37037037037037035, 'support': 8}, '0.0': {'precision': 0.7142857142857143, 'recall': 0.42857142857142855, 'f1-score': 0.5357142857142858, 'support': 35}, '1.0': {'precision': 0.1, 'recall': 0.14285714285714285, 'f1-score': 0.11764705882352941, 'support': 7}, 'accuracy': 0.42, 'macro avg': {'precision': 0.3591478696741855, 'recall': 0.3988095238095238, 'f1-score': 0.34124390496939516, 'support': 50}, 'weighted avg': {'precision': 0.5561052631578947, 'recall': 0.42, 'f1-score': 0.4507298474945534, 'support': 50}}"
Sensibilidade,0.42
Especificidade,0.7142857142857143
