Métrica,Valor
Acurácia,0.6964285714285715
Matriz de Confusão,"[[10  3  3]
 [ 1 10  3]
 [ 4  1 15]]"
Relatório de Classificação,"{'-1.0': {'precision': 0.6666666666666666, 'recall': 0.625, 'f1-score': 0.6451612903225806, 'support': 16}, '0.0': {'precision': 0.7142857142857143, 'recall': 0.7142857142857143, 'f1-score': 0.7142857142857143, 'support': 14}, '1.0': {'precision': 0.7142857142857143, 'recall': 0.75, 'f1-score': 0.7317073170731706, 'support': 20}, 'accuracy': 0.7, 'macro avg': {'precision': 0.6984126984126985, 'recall': 0.6964285714285715, 'f1-score': 0.6970514405604885, 'support': 50}, 'weighted avg': {'precision': 0.699047619047619, 'recall': 0.7, 'f1-score': 0.6991345397324941, 'support': 50}}"
Sensibilidade,0.7
Especificidade,0.7692307692307693
