Métrica,Valor
Acurácia,0.7005555555555555
Matriz de Confusão,"[[13  6  5]
 [ 0  1  0]
 [ 6  5 14]]"
Relatório de Classificação,"{'-1.0': {'precision': 0.6842105263157895, 'recall': 0.5416666666666666, 'f1-score': 0.6046511627906976, 'support': 24}, '0.0': {'precision': 0.08333333333333333, 'recall': 1.0, 'f1-score': 0.15384615384615385, 'support': 1}, '1.0': {'precision': 0.7368421052631579, 'recall': 0.56, 'f1-score': 0.6363636363636364, 'support': 25}, 'accuracy': 0.56, 'macro avg': {'precision': 0.5014619883040936, 'recall': 0.7005555555555555, 'f1-score': 0.4649536510001626, 'support': 50}, 'weighted avg': {'precision': 0.6985087719298245, 'recall': 0.56, 'f1-score': 0.6114912993982761, 'support': 50}}"
Sensibilidade,0.56
Especificidade,0.6842105263157895
