Métrica,Valor
Acurácia Média,0.7919108669108669
Sensibilidade Média,0.939799331103679
Especificidade Média,0.8722832722832722
