Métrica,Valor
Acurácia Média,0.8814985325233772
Sensibilidade Média,0.9692307692307693
Especificidade Média,0.8991509112006006
