Métrica,Valor
Acurácia Média,0.441215953578326
Sensibilidade Média,0.5086342229199372
Especificidade Média,0.9341117216117216
