Métrica,Valor
Acurácia,0.4388888888888889
Matriz de Confusão,"[[16  0  8]
 [ 4  0  1]
 [ 7  0 13]]"
Relatório de Classificação,"{'-1.0': {'precision': 0.5925925925925926, 'recall': 0.6666666666666666, 'f1-score': 0.627450980392157, 'support': 24}, '0.0': {'precision': 0.0, 'recall': 0.0, 'f1-score': 0.0, 'support': 5}, '1.0': {'precision': 0.5909090909090909, 'recall': 0.65, 'f1-score': 0.6190476190476191, 'support': 20}, 'accuracy': 0.5918367346938775, 'macro avg': {'precision': 0.3945005611672278, 'recall': 0.4388888888888889, 'f1-score': 0.415499533146592, 'support': 49}, 'weighted avg': {'precision': 0.5314368171511029, 'recall': 0.5918367346938775, 'f1-score': 0.5599954267421254, 'support': 49}}"
Sensibilidade,0.5918367346938775
Especificidade,1.0
