Métrica,Valor
Acurácia,0.5614035087719298
Matriz de Confusão,"[[ 7  3  4]
 [ 3 13  3]
 [ 5  3  8]]"
Relatório de Classificação,"{'-1.0': {'precision': 0.4666666666666667, 'recall': 0.5, 'f1-score': 0.4827586206896552, 'support': 14}, '0.0': {'precision': 0.6842105263157895, 'recall': 0.6842105263157895, 'f1-score': 0.6842105263157895, 'support': 19}, '1.0': {'precision': 0.5333333333333333, 'recall': 0.5, 'f1-score': 0.5161290322580646, 'support': 16}, 'accuracy': 0.5714285714285714, 'macro avg': {'precision': 0.5614035087719298, 'recall': 0.5614035087719298, 'f1-score': 0.5610327264211697, 'support': 49}, 'weighted avg': {'precision': 0.5727891156462585, 'recall': 0.5714285714285714, 'f1-score': 0.5717690858323308, 'support': 49}}"
Sensibilidade,0.5714285714285714
Especificidade,0.7
