Métrica,Valor
Acurácia,0.4702380952380952
Matriz de Confusão,"[[19  0  5]
 [ 2  0  2]
 [ 8  0 13]]"
Relatório de Classificação,"{'-1.0': {'precision': 0.6551724137931034, 'recall': 0.7916666666666666, 'f1-score': 0.7169811320754716, 'support': 24}, '0.0': {'precision': 0.0, 'recall': 0.0, 'f1-score': 0.0, 'support': 4}, '1.0': {'precision': 0.65, 'recall': 0.6190476190476191, 'f1-score': 0.6341463414634146, 'support': 21}, 'accuracy': 0.6530612244897959, 'macro avg': {'precision': 0.43505747126436783, 'recall': 0.4702380952380952, 'f1-score': 0.4503758245129621, 'support': 49}, 'weighted avg': {'precision': 0.5994722026741731, 'recall': 0.6530612244897959, 'f1-score': 0.6229514355212863, 'support': 49}}"
Sensibilidade,0.6530612244897959
Especificidade,1.0
