Métrica,Valor
Acurácia,0.4577352472089314
Matriz de Confusão,"[[14  0  8]
 [ 4  0  4]
 [ 5  0 14]]"
Relatório de Classificação,"{'-1.0': {'precision': 0.6086956521739131, 'recall': 0.6363636363636364, 'f1-score': 0.6222222222222223, 'support': 22}, '0.0': {'precision': 0.0, 'recall': 0.0, 'f1-score': 0.0, 'support': 8}, '1.0': {'precision': 0.5384615384615384, 'recall': 0.7368421052631579, 'f1-score': 0.6222222222222222, 'support': 19}, 'accuracy': 0.5714285714285714, 'macro avg': {'precision': 0.38238573021181715, 'recall': 0.4577352472089314, 'f1-score': 0.4148148148148148, 'support': 49}, 'weighted avg': {'precision': 0.48208313425704735, 'recall': 0.5714285714285714, 'f1-score': 0.5206349206349207, 'support': 49}}"
Sensibilidade,0.5714285714285714
Especificidade,1.0
