Métrica,Valor
Acurácia,0.26432748538011697
Matriz de Confusão,"[[ 1  0  5]
 [14  1 23]
 [ 2  0  3]]"
Relatório de Classificação,"{'-1.0': {'precision': 0.058823529411764705, 'recall': 0.16666666666666666, 'f1-score': 0.08695652173913045, 'support': 6}, '0.0': {'precision': 1.0, 'recall': 0.02631578947368421, 'f1-score': 0.05128205128205127, 'support': 38}, '1.0': {'precision': 0.0967741935483871, 'recall': 0.6, 'f1-score': 0.16666666666666666, 'support': 5}, 'accuracy': 0.10204081632653061, 'macro avg': {'precision': 0.38519924098671726, 'recall': 0.26432748538011697, 'f1-score': 0.10163507989594946, 'support': 49}, 'weighted avg': {'precision': 0.7925880029431127, 'recall': 0.10204081632653061, 'f1-score': 0.06742429413236865, 'support': 49}}"
Sensibilidade,0.10204081632653061
Especificidade,1.0
