Métrica,Valor
Acurácia Média,0.4537054761758021
Sensibilidade Média,0.5080128205128205
Especificidade Média,0.9460669672208135
