Métrica,Valor
Acurácia,0.4305555555555555
Matriz de Confusão,"[[13  0 11]
 [ 1  0  3]
 [ 5  0 15]]"
Relatório de Classificação,"{'-1.0': {'precision': 0.6842105263157895, 'recall': 0.5416666666666666, 'f1-score': 0.6046511627906976, 'support': 24}, '0.0': {'precision': 0.0, 'recall': 0.0, 'f1-score': 0.0, 'support': 4}, '1.0': {'precision': 0.5172413793103449, 'recall': 0.75, 'f1-score': 0.6122448979591838, 'support': 20}, 'accuracy': 0.5833333333333334, 'macro avg': {'precision': 0.40048396854204477, 'recall': 0.4305555555555555, 'f1-score': 0.4056320202499604, 'support': 48}, 'weighted avg': {'precision': 0.5576225045372051, 'recall': 0.5833333333333334, 'f1-score': 0.5574276222116754, 'support': 48}}"
Sensibilidade,0.5833333333333334
Especificidade,1.0
