Métrica,Valor
Acurácia,0.48333333333333334
Matriz de Confusão,"[[11  0  3]
 [ 8  3  3]
 [10  1  9]]"
Relatório de Classificação,"{'-1.0': {'precision': 0.3793103448275862, 'recall': 0.7857142857142857, 'f1-score': 0.5116279069767441, 'support': 14}, '0.0': {'precision': 0.75, 'recall': 0.21428571428571427, 'f1-score': 0.3333333333333333, 'support': 14}, '1.0': {'precision': 0.6, 'recall': 0.45, 'f1-score': 0.5142857142857143, 'support': 20}, 'accuracy': 0.4791666666666667, 'macro avg': {'precision': 0.5764367816091954, 'recall': 0.48333333333333334, 'f1-score': 0.4530823181985973, 'support': 48}, 'weighted avg': {'precision': 0.579382183908046, 'recall': 0.4791666666666667, 'f1-score': 0.4607327427094869, 'support': 48}}"
Sensibilidade,0.4791666666666667
Especificidade,1.0
