Métrica,Valor
Acurácia,0.5365079365079365
Matriz de Confusão,"[[ 6  0  1]
 [16  3 16]
 [ 1  1  4]]"
Relatório de Classificação,"{'-1.0': {'precision': 0.2608695652173913, 'recall': 0.8571428571428571, 'f1-score': 0.4, 'support': 7}, '0.0': {'precision': 0.75, 'recall': 0.08571428571428572, 'f1-score': 0.15384615384615383, 'support': 35}, '1.0': {'precision': 0.19047619047619047, 'recall': 0.6666666666666666, 'f1-score': 0.2962962962962963, 'support': 6}, 'accuracy': 0.2708333333333333, 'macro avg': {'precision': 0.4004485852311939, 'recall': 0.5365079365079365, 'f1-score': 0.28338081671415005, 'support': 48}, 'weighted avg': {'precision': 0.6087280020703933, 'recall': 0.2708333333333333, 'f1-score': 0.20754985754985755, 'support': 48}}"
Sensibilidade,0.2708333333333333
Especificidade,1.0
