Métrica,Valor
Acurácia,0.36325611325611323
Matriz de Confusão,"[[ 2  0  5]
 [12  2 23]
 [ 1  0  3]]"
Relatório de Classificação,"{'-1.0': {'precision': 0.13333333333333333, 'recall': 0.2857142857142857, 'f1-score': 0.18181818181818182, 'support': 7}, '0.0': {'precision': 1.0, 'recall': 0.05405405405405406, 'f1-score': 0.10256410256410257, 'support': 37}, '1.0': {'precision': 0.0967741935483871, 'recall': 0.75, 'f1-score': 0.1714285714285714, 'support': 4}, 'accuracy': 0.14583333333333334, 'macro avg': {'precision': 0.41003584229390677, 'recall': 0.36325611325611323, 'f1-score': 0.15193695193695192, 'support': 48}, 'weighted avg': {'precision': 0.79834229390681, 'recall': 0.14583333333333334, 'f1-score': 0.11986069486069488, 'support': 48}}"
Sensibilidade,0.14583333333333334
Especificidade,1.0
