Métrica,Valor
Acurácia,0.5501443001443002
Matriz de Confusão,"[[ 5  3  4]
 [ 5 13  4]
 [ 3  2  9]]"
Relatório de Classificação,"{'-1.0': {'precision': 0.38461538461538464, 'recall': 0.4166666666666667, 'f1-score': 0.4, 'support': 12}, '0.0': {'precision': 0.7222222222222222, 'recall': 0.5909090909090909, 'f1-score': 0.65, 'support': 22}, '1.0': {'precision': 0.5294117647058824, 'recall': 0.6428571428571429, 'f1-score': 0.5806451612903226, 'support': 14}, 'accuracy': 0.5625, 'macro avg': {'precision': 0.545416457181163, 'recall': 0.5501443001443002, 'f1-score': 0.5435483870967742, 'support': 48}, 'weighted avg': {'precision': 0.5815841293782471, 'recall': 0.5625, 'f1-score': 0.5672715053763441, 'support': 48}}"
Sensibilidade,0.5625
Especificidade,0.625
