Métrica,Valor
Acurácia Média,0.57321133116017
Sensibilidade Média,0.6261538461538461
Especificidade Média,0.9424297924297923
