Métrica,Valor
Acurácia Média,0.4265765391938291
Sensibilidade Média,0.4893617021276595
Especificidade Média,0.9704739704739704
