Métrica,Valor
Acurácia,0.4013071895424836
Matriz de Confusão,"[[11  0  4]
 [13  0  2]
 [ 9  0  8]]"
Relatório de Classificação,"{'-1.0': {'precision': 0.3333333333333333, 'recall': 0.7333333333333333, 'f1-score': 0.45833333333333326, 'support': 15}, '0.0': {'precision': 0.0, 'recall': 0.0, 'f1-score': 0.0, 'support': 15}, '1.0': {'precision': 0.5714285714285714, 'recall': 0.47058823529411764, 'f1-score': 0.5161290322580646, 'support': 17}, 'accuracy': 0.40425531914893614, 'macro avg': {'precision': 0.30158730158730157, 'recall': 0.4013071895424836, 'f1-score': 0.324820788530466, 'support': 47}, 'weighted avg': {'precision': 0.3130699088145896, 'recall': 0.40425531914893614, 'f1-score': 0.3329615648592999, 'support': 47}}"
Sensibilidade,0.40425531914893614
Especificidade,1.0
