Métrica,Valor
Acurácia,0.5079365079365079
Matriz de Confusão,"[[17  0  4]
 [ 2  0  3]
 [ 5  1 15]]"
Relatório de Classificação,"{'-1.0': {'precision': 0.7083333333333334, 'recall': 0.8095238095238095, 'f1-score': 0.7555555555555556, 'support': 21}, '0.0': {'precision': 0.0, 'recall': 0.0, 'f1-score': 0.0, 'support': 5}, '1.0': {'precision': 0.6818181818181818, 'recall': 0.7142857142857143, 'f1-score': 0.6976744186046512, 'support': 21}, 'accuracy': 0.6808510638297872, 'macro avg': {'precision': 0.4633838383838384, 'recall': 0.5079365079365079, 'f1-score': 0.4844099913867356, 'support': 47}, 'weighted avg': {'precision': 0.6211315280464216, 'recall': 0.6808510638297872, 'f1-score': 0.6493155203694541, 'support': 47}}"
Sensibilidade,0.6808510638297872
Especificidade,1.0
