Métrica,Valor
Acurácia,0.40170940170940167
Matriz de Confusão,"[[14  0 12]
 [ 1  0  2]
 [ 6  0 12]]"
Relatório de Classificação,"{'-1.0': {'precision': 0.6666666666666666, 'recall': 0.5384615384615384, 'f1-score': 0.5957446808510638, 'support': 26}, '0.0': {'precision': 0.0, 'recall': 0.0, 'f1-score': 0.0, 'support': 3}, '1.0': {'precision': 0.46153846153846156, 'recall': 0.6666666666666666, 'f1-score': 0.5454545454545455, 'support': 18}, 'accuracy': 0.5531914893617021, 'macro avg': {'precision': 0.37606837606837606, 'recall': 0.40170940170940167, 'f1-score': 0.3803997421018697, 'support': 47}, 'weighted avg': {'precision': 0.5455537370430987, 'recall': 0.5531914893617021, 'f1-score': 0.5384583727725422, 'support': 47}}"
Sensibilidade,0.5531914893617021
Especificidade,1.0
