Métrica,Valor
Acurácia,0.5994152046783626
Matriz de Confusão,"[[ 8  3  1]
 [ 4 12  3]
 [ 4  4  8]]"
Relatório de Classificação,"{'-1.0': {'precision': 0.5, 'recall': 0.6666666666666666, 'f1-score': 0.5714285714285715, 'support': 12}, '0.0': {'precision': 0.631578947368421, 'recall': 0.631578947368421, 'f1-score': 0.631578947368421, 'support': 19}, '1.0': {'precision': 0.6666666666666666, 'recall': 0.5, 'f1-score': 0.5714285714285715, 'support': 16}, 'accuracy': 0.5957446808510638, 'macro avg': {'precision': 0.5994152046783626, 'recall': 0.5994152046783626, 'f1-score': 0.5914786967418547, 'support': 47}, 'weighted avg': {'precision': 0.6099290780141844, 'recall': 0.5957446808510638, 'f1-score': 0.5957446808510638, 'support': 47}}"
Sensibilidade,0.5957446808510638
Especificidade,0.7272727272727273
