Métrica,Valor
Acurácia Média,0.7944874274661509
Sensibilidade Média,0.9455128205128205
Especificidade Média,0.8774363933938402
