Métrica,Valor
Acurácia,0.4772727272727273
Matriz de Confusão,"[[31 13]
 [ 3  1]]"
Relatório de Classificação,"{'0': {'precision': 0.9117647058823529, 'recall': 0.7045454545454546, 'f1-score': 0.794871794871795, 'support': 44}, '1': {'precision': 0.07142857142857142, 'recall': 0.25, 'f1-score': 0.11111111111111112, 'support': 4}, 'accuracy': 0.6666666666666666, 'macro avg': {'precision': 0.49159663865546216, 'recall': 0.4772727272727273, 'f1-score': 0.4529914529914531, 'support': 48}, 'weighted avg': {'precision': 0.8417366946778712, 'recall': 0.6666666666666666, 'f1-score': 0.7378917378917381, 'support': 48}}"
Sensibilidade,0.6666666666666666
Especificidade,0.7045454545454546
