Métrica,Valor
Acurácia Média,0.4732991138188287
Sensibilidade Média,0.5369230769230768
Especificidade Média,0.970220737427215
