Métrica,Valor
Acurácia Média,0.38770413586794994
Sensibilidade Média,0.42948717948717946
Especificidade Média,0.7438213747037277
