Métrica,Valor
Acurácia,0.29012345679012347
Matriz de Confusão,"[[10  5 12]
 [ 0  0  1]
 [ 8  2 10]]"
Relatório de Classificação,"{'-1.0': {'precision': 0.5555555555555556, 'recall': 0.37037037037037035, 'f1-score': 0.4444444444444445, 'support': 27}, '0.0': {'precision': 0.0, 'recall': 0.0, 'f1-score': 0.0, 'support': 1}, '1.0': {'precision': 0.43478260869565216, 'recall': 0.5, 'f1-score': 0.46511627906976744, 'support': 20}, 'accuracy': 0.4166666666666667, 'macro avg': {'precision': 0.3301127214170692, 'recall': 0.29012345679012347, 'f1-score': 0.3031869078380706, 'support': 48}, 'weighted avg': {'precision': 0.49365942028985504, 'recall': 0.4166666666666667, 'f1-score': 0.44379844961240317, 'support': 48}}"
Sensibilidade,0.4166666666666667
Especificidade,0.6666666666666666
