Métrica,Valor
Acurácia,0.4595238095238095
Matriz de Confusão,"[[11  3  0]
 [ 5  2  7]
 [ 9  2  9]]"
Relatório de Classificação,"{'-1.0': {'precision': 0.44, 'recall': 0.7857142857142857, 'f1-score': 0.5641025641025641, 'support': 14}, '0.0': {'precision': 0.2857142857142857, 'recall': 0.14285714285714285, 'f1-score': 0.19047619047619047, 'support': 14}, '1.0': {'precision': 0.5625, 'recall': 0.45, 'f1-score': 0.5, 'support': 20}, 'accuracy': 0.4583333333333333, 'macro avg': {'precision': 0.4294047619047619, 'recall': 0.4595238095238095, 'f1-score': 0.4181929181929182, 'support': 48}, 'weighted avg': {'precision': 0.44604166666666667, 'recall': 0.4583333333333333, 'f1-score': 0.4284188034188034, 'support': 48}}"
Sensibilidade,0.4583333333333333
Especificidade,0.7857142857142857
