Métrica,Valor
Acurácia,0.315958815958816
Matriz de Confusão,"[[ 2  1  4]
 [15  6 16]
 [ 2  0  2]]"
Relatório de Classificação,"{'-1.0': {'precision': 0.10526315789473684, 'recall': 0.2857142857142857, 'f1-score': 0.15384615384615385, 'support': 7}, '0.0': {'precision': 0.8571428571428571, 'recall': 0.16216216216216217, 'f1-score': 0.27272727272727276, 'support': 37}, '1.0': {'precision': 0.09090909090909091, 'recall': 0.5, 'f1-score': 0.15384615384615385, 'support': 4}, 'accuracy': 0.20833333333333334, 'macro avg': {'precision': 0.3511050353155616, 'recall': 0.315958815958816, 'f1-score': 0.19347319347319347, 'support': 48}, 'weighted avg': {'precision': 0.6836409204830258, 'recall': 0.20833333333333334, 'f1-score': 0.24548368298368298, 'support': 48}}"
Sensibilidade,0.20833333333333334
Especificidade,0.6666666666666666
