Métrica,Valor
Acurácia,0.3174962292609351
Matriz de Confusão,"[[11  4 11]
 [ 1  0  4]
 [ 7  1  9]]"
Relatório de Classificação,"{'-1.0': {'precision': 0.5789473684210527, 'recall': 0.4230769230769231, 'f1-score': 0.4888888888888889, 'support': 26}, '0.0': {'precision': 0.0, 'recall': 0.0, 'f1-score': 0.0, 'support': 5}, '1.0': {'precision': 0.375, 'recall': 0.5294117647058824, 'f1-score': 0.4390243902439025, 'support': 17}, 'accuracy': 0.4166666666666667, 'macro avg': {'precision': 0.31798245614035087, 'recall': 0.3174962292609351, 'f1-score': 0.3093044263775971, 'support': 48}, 'weighted avg': {'precision': 0.4464089912280702, 'recall': 0.4166666666666667, 'f1-score': 0.42030261969286364, 'support': 48}}"
Sensibilidade,0.4166666666666667
Especificidade,0.7333333333333333
