Métrica,Valor
Acurácia,0.3416666666666666
Matriz de Confusão,"[[ 8  4  8]
 [ 2  1  5]
 [ 5  5 10]]"
Relatório de Classificação,"{'-1.0': {'precision': 0.5333333333333333, 'recall': 0.4, 'f1-score': 0.4571428571428572, 'support': 20}, '0.0': {'precision': 0.1, 'recall': 0.125, 'f1-score': 0.11111111111111112, 'support': 8}, '1.0': {'precision': 0.43478260869565216, 'recall': 0.5, 'f1-score': 0.46511627906976744, 'support': 20}, 'accuracy': 0.3958333333333333, 'macro avg': {'precision': 0.3560386473429951, 'recall': 0.3416666666666666, 'f1-score': 0.34445674910791196, 'support': 48}, 'weighted avg': {'precision': 0.4200483091787439, 'recall': 0.3958333333333333, 'f1-score': 0.4027931586071121, 'support': 48}}"
Sensibilidade,0.3958333333333333
Especificidade,0.6666666666666666
