Métrica,Valor
Acurácia,0.34761904761904755
Matriz de Confusão,"[[ 2  2  3]
 [12  9 14]
 [ 1  2  3]]"
Relatório de Classificação,"{'-1.0': {'precision': 0.13333333333333333, 'recall': 0.2857142857142857, 'f1-score': 0.18181818181818182, 'support': 7}, '0.0': {'precision': 0.6923076923076923, 'recall': 0.2571428571428571, 'f1-score': 0.37499999999999994, 'support': 35}, '1.0': {'precision': 0.15, 'recall': 0.5, 'f1-score': 0.23076923076923075, 'support': 6}, 'accuracy': 0.2916666666666667, 'macro avg': {'precision': 0.3252136752136752, 'recall': 0.34761904761904755, 'f1-score': 0.2625291375291375, 'support': 48}, 'weighted avg': {'precision': 0.5430021367521367, 'recall': 0.2916666666666667, 'f1-score': 0.32879880536130535, 'support': 48}}"
Sensibilidade,0.2916666666666667
Especificidade,0.5
