Métrica,Valor
Acurácia Média,0.7793604651162791
Sensibilidade Média,0.9318181818181818
Especificidade Média,0.8664132379248658
