Métrica,Valor
Acurácia,0.2441860465116279
Matriz de Confusão,"[[21 22]
 [ 1  0]]"
Relatório de Classificação,"{'0': {'precision': 0.9545454545454546, 'recall': 0.4883720930232558, 'f1-score': 0.6461538461538462, 'support': 43}, '1': {'precision': 0.0, 'recall': 0.0, 'f1-score': 0.0, 'support': 1}, 'accuracy': 0.4772727272727273, 'macro avg': {'precision': 0.4772727272727273, 'recall': 0.2441860465116279, 'f1-score': 0.3230769230769231, 'support': 44}, 'weighted avg': {'precision': 0.9328512396694215, 'recall': 0.4772727272727273, 'f1-score': 0.6314685314685314, 'support': 44}}"
Sensibilidade,0.4772727272727273
Especificidade,0.4883720930232558
