Métrica,Valor
Acurácia Média,0.5083958601521616
Sensibilidade Média,0.5528846153846154
Especificidade Média,0.9478108916059982
