Métrica,Valor
Acurácia,0.5271942110177404
Matriz de Confusão,"[[11  2  4]
 [ 1  1  5]
 [ 3  2 19]]"
Relatório de Classificação,"{'-1.0': {'precision': 0.7333333333333333, 'recall': 0.6470588235294118, 'f1-score': 0.6875, 'support': 17}, '0.0': {'precision': 0.2, 'recall': 0.14285714285714285, 'f1-score': 0.16666666666666666, 'support': 7}, '1.0': {'precision': 0.6785714285714286, 'recall': 0.7916666666666666, 'f1-score': 0.7307692307692307, 'support': 24}, 'accuracy': 0.6458333333333334, 'macro avg': {'precision': 0.5373015873015873, 'recall': 0.5271942110177404, 'f1-score': 0.5283119658119658, 'support': 48}, 'weighted avg': {'precision': 0.6281746031746032, 'recall': 0.6458333333333334, 'f1-score': 0.6331797542735043, 'support': 48}}"
Sensibilidade,0.6458333333333334
Especificidade,0.8461538461538461
