Métrica,Valor
Acurácia,0.6919191919191919
Matriz de Confusão,"[[ 9  1  1]
 [ 5 13  4]
 [ 4  1 10]]"
Relatório de Classificação,"{'-1.0': {'precision': 0.5, 'recall': 0.8181818181818182, 'f1-score': 0.6206896551724137, 'support': 11}, '0.0': {'precision': 0.8666666666666667, 'recall': 0.5909090909090909, 'f1-score': 0.7027027027027029, 'support': 22}, '1.0': {'precision': 0.6666666666666666, 'recall': 0.6666666666666666, 'f1-score': 0.6666666666666666, 'support': 15}, 'accuracy': 0.6666666666666666, 'macro avg': {'precision': 0.6777777777777777, 'recall': 0.6919191919191919, 'f1-score': 0.6633530081805944, 'support': 48}, 'weighted avg': {'precision': 0.7201388888888888, 'recall': 0.6666666666666666, 'f1-score': 0.6726467847157503, 'support': 48}}"
Sensibilidade,0.6666666666666666
Especificidade,0.9
