Métrica,Valor
Acurácia,0.4736495388669302
Matriz de Confusão,"[[17  0  6]
 [ 1  0  2]
 [ 7  0 15]]"
Relatório de Classificação,"{'-1.0': {'precision': 0.68, 'recall': 0.7391304347826086, 'f1-score': 0.7083333333333334, 'support': 23}, '0.0': {'precision': 0.0, 'recall': 0.0, 'f1-score': 0.0, 'support': 3}, '1.0': {'precision': 0.6521739130434783, 'recall': 0.6818181818181818, 'f1-score': 0.6666666666666666, 'support': 22}, 'accuracy': 0.6666666666666666, 'macro avg': {'precision': 0.44405797101449274, 'recall': 0.4736495388669302, 'f1-score': 0.4583333333333333, 'support': 48}, 'weighted avg': {'precision': 0.6247463768115943, 'recall': 0.6666666666666666, 'f1-score': 0.6449652777777778, 'support': 48}}"
Sensibilidade,0.6666666666666666
Especificidade,1.0
