Métrica,Valor
Acurácia,0.554093567251462
Matriz de Confusão,"[[11  0  8]
 [ 5  3  1]
 [ 5  0 15]]"
Relatório de Classificação,"{'-1.0': {'precision': 0.5238095238095238, 'recall': 0.5789473684210527, 'f1-score': 0.5500000000000002, 'support': 19}, '0.0': {'precision': 1.0, 'recall': 0.3333333333333333, 'f1-score': 0.5, 'support': 9}, '1.0': {'precision': 0.625, 'recall': 0.75, 'f1-score': 0.6818181818181818, 'support': 20}, 'accuracy': 0.6041666666666666, 'macro avg': {'precision': 0.7162698412698413, 'recall': 0.554093567251462, 'f1-score': 0.5772727272727273, 'support': 48}, 'weighted avg': {'precision': 0.6552579365079365, 'recall': 0.6041666666666666, 'f1-score': 0.5955492424242425, 'support': 48}}"
Sensibilidade,0.6041666666666666
Especificidade,1.0
