Métrica,Valor
Acurácia,0.4350649350649351
Matriz de Confusão,"[[13  0  9]
 [ 3  0  2]
 [ 6  0 15]]"
Relatório de Classificação,"{'-1.0': {'precision': 0.5909090909090909, 'recall': 0.5909090909090909, 'f1-score': 0.5909090909090909, 'support': 22}, '0.0': {'precision': 0.0, 'recall': 0.0, 'f1-score': 0.0, 'support': 5}, '1.0': {'precision': 0.5769230769230769, 'recall': 0.7142857142857143, 'f1-score': 0.6382978723404256, 'support': 21}, 'accuracy': 0.5833333333333334, 'macro avg': {'precision': 0.3892773892773893, 'recall': 0.4350649350649351, 'f1-score': 0.40973565441650556, 'support': 48}, 'weighted avg': {'precision': 0.5232371794871794, 'recall': 0.5833333333333334, 'f1-score': 0.5500886524822696, 'support': 48}}"
Sensibilidade,0.5833333333333334
Especificidade,1.0
