Métrica,Valor
Acurácia,0.43632478632478633
Matriz de Confusão,"[[ 9  0  4]
 [ 7  3 10]
 [ 6  2  7]]"
Relatório de Classificação,"{'-1.0': {'precision': 0.4090909090909091, 'recall': 0.6923076923076923, 'f1-score': 0.5142857142857142, 'support': 13}, '0.0': {'precision': 0.6, 'recall': 0.15, 'f1-score': 0.24, 'support': 20}, '1.0': {'precision': 0.3333333333333333, 'recall': 0.4666666666666667, 'f1-score': 0.3888888888888889, 'support': 15}, 'accuracy': 0.3958333333333333, 'macro avg': {'precision': 0.4474747474747474, 'recall': 0.43632478632478633, 'f1-score': 0.38105820105820104, 'support': 48}, 'weighted avg': {'precision': 0.46496212121212127, 'recall': 0.3958333333333333, 'f1-score': 0.360813492063492, 'support': 48}}"
Sensibilidade,0.3958333333333333
Especificidade,1.0
