Métrica,Valor
Acurácia,0.273015873015873
Matriz de Confusão,"[[ 2  0  4]
 [17  2 16]
 [ 3  1  3]]"
Relatório de Classificação,"{'-1.0': {'precision': 0.09090909090909091, 'recall': 0.3333333333333333, 'f1-score': 0.14285714285714288, 'support': 6}, '0.0': {'precision': 0.6666666666666666, 'recall': 0.05714285714285714, 'f1-score': 0.10526315789473684, 'support': 35}, '1.0': {'precision': 0.13043478260869565, 'recall': 0.42857142857142855, 'f1-score': 0.2, 'support': 7}, 'accuracy': 0.14583333333333334, 'macro avg': {'precision': 0.29600351339481773, 'recall': 0.273015873015873, 'f1-score': 0.1493734335839599, 'support': 48}, 'weighted avg': {'precision': 0.5164964866051823, 'recall': 0.14583333333333334, 'f1-score': 0.12377819548872182, 'support': 48}}"
Sensibilidade,0.14583333333333334
Especificidade,1.0
