Métrica,Valor
Acurácia Média,0.8126383864582624
Sensibilidade Média,0.9138461538461541
Especificidade Média,0.844538939321548
