Métrica,Valor
Acurácia Média,0.8091939116783837
Sensibilidade Média,0.956923076923077
Especificidade Média,0.8876185925875367
