Métrica,Valor
Acurácia Média,0.40496400286735973
Sensibilidade Média,0.45150501672240806
Especificidade Média,0.7100469101034712
