Métrica,Valor
Acurácia,0.3836601307189542
Matriz de Confusão,"[[7 1 6]
 [8 2 7]
 [3 4 8]]"
Relatório de Classificação,"{'-1.0': {'precision': 0.3888888888888889, 'recall': 0.5, 'f1-score': 0.43750000000000006, 'support': 14}, '0.0': {'precision': 0.2857142857142857, 'recall': 0.11764705882352941, 'f1-score': 0.16666666666666666, 'support': 17}, '1.0': {'precision': 0.38095238095238093, 'recall': 0.5333333333333333, 'f1-score': 0.4444444444444444, 'support': 15}, 'accuracy': 0.3695652173913043, 'macro avg': {'precision': 0.35185185185185186, 'recall': 0.3836601307189542, 'f1-score': 0.34953703703703703, 'support': 46}, 'weighted avg': {'precision': 0.3481711525189785, 'recall': 0.3695652173913043, 'f1-score': 0.33967391304347827, 'support': 46}}"
Sensibilidade,0.3695652173913043
Especificidade,0.875
