Métrica,Valor
Acurácia,0.3796296296296296
Matriz de Confusão,"[[ 2  1  3]
 [14 11 11]
 [ 2  0  2]]"
Relatório de Classificação,"{'-1.0': {'precision': 0.1111111111111111, 'recall': 0.3333333333333333, 'f1-score': 0.16666666666666666, 'support': 6}, '0.0': {'precision': 0.9166666666666666, 'recall': 0.3055555555555556, 'f1-score': 0.4583333333333333, 'support': 36}, '1.0': {'precision': 0.125, 'recall': 0.5, 'f1-score': 0.2, 'support': 4}, 'accuracy': 0.32608695652173914, 'macro avg': {'precision': 0.38425925925925924, 'recall': 0.3796296296296296, 'f1-score': 0.27499999999999997, 'support': 46}, 'weighted avg': {'precision': 0.7427536231884058, 'recall': 0.32608695652173914, 'f1-score': 0.3978260869565218, 'support': 46}}"
Sensibilidade,0.32608695652173914
Especificidade,0.6666666666666666
