Métrica,Valor
Acurácia,0.545868945868946
Matriz de Confusão,"[[ 7  3  5]
 [ 3  8  2]
 [ 4  4 10]]"
Relatório de Classificação,"{'-1.0': {'precision': 0.5, 'recall': 0.4666666666666667, 'f1-score': 0.4827586206896552, 'support': 15}, '0.0': {'precision': 0.5333333333333333, 'recall': 0.6153846153846154, 'f1-score': 0.5714285714285715, 'support': 13}, '1.0': {'precision': 0.5882352941176471, 'recall': 0.5555555555555556, 'f1-score': 0.5714285714285715, 'support': 18}, 'accuracy': 0.5434782608695652, 'macro avg': {'precision': 0.5405228758169934, 'recall': 0.545868945868946, 'f1-score': 0.541871921182266, 'support': 46}, 'weighted avg': {'precision': 0.5439471440750213, 'recall': 0.5434782608695652, 'f1-score': 0.5425144570571857, 'support': 46}}"
Sensibilidade,0.5434782608695652
Especificidade,0.7
