Métrica,Valor
Acurácia,0.5222222222222221
Matriz de Confusão,"[[14  3  3]
 [ 2  1  2]
 [ 6  1 14]]"
Relatório de Classificação,"{'-1.0': {'precision': 0.6363636363636364, 'recall': 0.7, 'f1-score': 0.6666666666666666, 'support': 20}, '0.0': {'precision': 0.2, 'recall': 0.2, 'f1-score': 0.20000000000000004, 'support': 5}, '1.0': {'precision': 0.7368421052631579, 'recall': 0.6666666666666666, 'f1-score': 0.7, 'support': 21}, 'accuracy': 0.6304347826086957, 'macro avg': {'precision': 0.5244019138755981, 'recall': 0.5222222222222221, 'f1-score': 0.5222222222222223, 'support': 46}, 'weighted avg': {'precision': 0.6348034116912835, 'recall': 0.6304347826086957, 'f1-score': 0.631159420289855, 'support': 46}}"
Sensibilidade,0.6304347826086957
Especificidade,0.8235294117647058
