Métrica,Valor
Acurácia,0.4603174603174603
Matriz de Confusão,"[[ 8  6  7]
 [ 2  2  1]
 [ 4  4 12]]"
Relatório de Classificação,"{'-1.0': {'precision': 0.5714285714285714, 'recall': 0.38095238095238093, 'f1-score': 0.4571428571428571, 'support': 21}, '0.0': {'precision': 0.16666666666666666, 'recall': 0.4, 'f1-score': 0.23529411764705882, 'support': 5}, '1.0': {'precision': 0.6, 'recall': 0.6, 'f1-score': 0.6, 'support': 20}, 'accuracy': 0.4782608695652174, 'macro avg': {'precision': 0.446031746031746, 'recall': 0.4603174603174603, 'f1-score': 0.43081232492997196, 'support': 46}, 'weighted avg': {'precision': 0.5398550724637682, 'recall': 0.4782608695652174, 'f1-score': 0.4951406649616368, 'support': 46}}"
Sensibilidade,0.4782608695652174
Especificidade,0.5714285714285714
