Métrica,Valor
Acurácia,0.4579365079365079
Matriz de Confusão,"[[11  4  6]
 [ 0  2  3]
 [ 8  3  9]]"
Relatório de Classificação,"{'-1.0': {'precision': 0.5789473684210527, 'recall': 0.5238095238095238, 'f1-score': 0.5500000000000002, 'support': 21}, '0.0': {'precision': 0.2222222222222222, 'recall': 0.4, 'f1-score': 0.2857142857142857, 'support': 5}, '1.0': {'precision': 0.5, 'recall': 0.45, 'f1-score': 0.4736842105263158, 'support': 20}, 'accuracy': 0.4782608695652174, 'macro avg': {'precision': 0.4337231968810917, 'recall': 0.4579365079365079, 'f1-score': 0.43646616541353395, 'support': 46}, 'weighted avg': {'precision': 0.5058479532163743, 'recall': 0.4782608695652174, 'f1-score': 0.48809251389342934, 'support': 46}}"
Sensibilidade,0.4782608695652174
Especificidade,0.7333333333333333
