Métrica,Valor
Acurácia Média,0.49804777092229513
Sensibilidade Média,0.5517751479289941
Especificidade Média,0.9582131543670005
