Métrica,Valor
Acurácia,0.42956521739130443
Matriz de Confusão,"[[14  0  9]
 [ 1  0  3]
 [ 7  1 17]]"
Relatório de Classificação,"{'-1.0': {'precision': 0.6363636363636364, 'recall': 0.6086956521739131, 'f1-score': 0.6222222222222223, 'support': 23}, '0.0': {'precision': 0.0, 'recall': 0.0, 'f1-score': 0.0, 'support': 4}, '1.0': {'precision': 0.5862068965517241, 'recall': 0.68, 'f1-score': 0.6296296296296295, 'support': 25}, 'accuracy': 0.5961538461538461, 'macro avg': {'precision': 0.4075235109717868, 'recall': 0.42956521739130443, 'f1-score': 0.417283950617284, 'support': 52}, 'weighted avg': {'precision': 0.5632987701953218, 'recall': 0.5961538461538461, 'f1-score': 0.5779202279202279, 'support': 52}}"
Sensibilidade,0.5961538461538461
Especificidade,1.0
