Métrica,Valor
Acurácia,0.4584615384615385
Matriz de Confusão,"[[19  1  5]
 [ 1  0  0]
 [10  0 16]]"
Relatório de Classificação,"{'-1.0': {'precision': 0.6333333333333333, 'recall': 0.76, 'f1-score': 0.6909090909090909, 'support': 25}, '0.0': {'precision': 0.0, 'recall': 0.0, 'f1-score': 0.0, 'support': 1}, '1.0': {'precision': 0.7619047619047619, 'recall': 0.6153846153846154, 'f1-score': 0.6808510638297872, 'support': 26}, 'accuracy': 0.6730769230769231, 'macro avg': {'precision': 0.46507936507936504, 'recall': 0.4584615384615385, 'f1-score': 0.4572533849129594, 'support': 52}, 'weighted avg': {'precision': 0.6854395604395603, 'recall': 0.6730769230769231, 'f1-score': 0.6725933640827257, 'support': 52}}"
Sensibilidade,0.6730769230769231
Especificidade,0.95
