Métrica,Valor
Acurácia Média,0.8835603028193526
Sensibilidade Média,0.9748520710059171
Especificidade Média,0.9032152801949181
