Métrica,Valor
Acurácia Média,0.8020356972220326
Sensibilidade Média,0.9600000000000001
Especificidade Média,0.8925329329056038
