Métrica,Valor
Acurácia Média,0.8310363092801409
Sensibilidade Média,0.9301994301994301
Especificidade Média,0.8353019943019945
