Métrica,Valor
Acurácia,0.6826923076923077
Matriz de Confusão,"[[ 0  0  0]
 [ 1 45  6]
 [ 0  1  1]]"
Relatório de Classificação,"{'-1': {'precision': 0.0, 'recall': 0.0, 'f1-score': 0.0, 'support': 0}, '0': {'precision': 0.9782608695652174, 'recall': 0.8653846153846154, 'f1-score': 0.9183673469387755, 'support': 52}, '1': {'precision': 0.14285714285714285, 'recall': 0.5, 'f1-score': 0.22222222222222224, 'support': 2}, 'accuracy': 0.8518518518518519, 'macro avg': {'precision': 0.37370600414078675, 'recall': 0.4551282051282051, 'f1-score': 0.3801965230536659, 'support': 54}, 'weighted avg': {'precision': 0.9473199907982517, 'recall': 0.8518518518518519, 'f1-score': 0.8925841941714957, 'support': 54}}"
Sensibilidade,0.8518518518518519
Especificidade,nan
