Métrica,Valor
Acurácia Média,0.4212695044375983
Sensibilidade Média,0.45538461538461544
Especificidade Média,0.7838438479305352
