Métrica,Valor
Acurácia,0.48112706007442846
Matriz de Confusão,"[[14  3  5]
 [ 5  3  1]
 [ 8  2  9]]"
Relatório de Classificação,"{'-1.0': {'precision': 0.5185185185185185, 'recall': 0.6363636363636364, 'f1-score': 0.5714285714285714, 'support': 22}, '0.0': {'precision': 0.375, 'recall': 0.3333333333333333, 'f1-score': 0.35294117647058826, 'support': 9}, '1.0': {'precision': 0.6, 'recall': 0.47368421052631576, 'f1-score': 0.5294117647058824, 'support': 19}, 'accuracy': 0.52, 'macro avg': {'precision': 0.4978395061728395, 'recall': 0.48112706007442846, 'f1-score': 0.48459383753501406, 'support': 50}, 'weighted avg': {'precision': 0.5236481481481481, 'recall': 0.52, 'f1-score': 0.5161344537815126, 'support': 50}}"
Sensibilidade,0.52
Especificidade,0.8235294117647058
