Métrica,Valor
Acurácia,0.48917748917748916
Matriz de Confusão,"[[ 3  4  7]
 [ 4 15  3]
 [ 4  2  8]]"
Relatório de Classificação,"{'-1.0': {'precision': 0.2727272727272727, 'recall': 0.21428571428571427, 'f1-score': 0.23999999999999996, 'support': 14}, '0.0': {'precision': 0.7142857142857143, 'recall': 0.6818181818181818, 'f1-score': 0.6976744186046512, 'support': 22}, '1.0': {'precision': 0.4444444444444444, 'recall': 0.5714285714285714, 'f1-score': 0.5, 'support': 14}, 'accuracy': 0.52, 'macro avg': {'precision': 0.47715247715247716, 'recall': 0.48917748917748916, 'f1-score': 0.47922480620155045, 'support': 50}, 'weighted avg': {'precision': 0.515093795093795, 'recall': 0.52, 'f1-score': 0.5141767441860465, 'support': 50}}"
Sensibilidade,0.52
Especificidade,0.42857142857142855
