Métrica,Valor
Acurácia,0.5180500658761528
Matriz de Confusão,"[[12  6  4]
 [ 3  2  0]
 [ 5  4 14]]"
Relatório de Classificação,"{'-1.0': {'precision': 0.6, 'recall': 0.5454545454545454, 'f1-score': 0.5714285714285713, 'support': 22}, '0.0': {'precision': 0.16666666666666666, 'recall': 0.4, 'f1-score': 0.23529411764705882, 'support': 5}, '1.0': {'precision': 0.7777777777777778, 'recall': 0.6086956521739131, 'f1-score': 0.6829268292682927, 'support': 23}, 'accuracy': 0.56, 'macro avg': {'precision': 0.5148148148148147, 'recall': 0.5180500658761528, 'f1-score': 0.4965498394479743, 'support': 50}, 'weighted avg': {'precision': 0.6384444444444445, 'recall': 0.56, 'f1-score': 0.5891043246566919, 'support': 50}}"
Sensibilidade,0.56
Especificidade,0.6666666666666666
