Métrica,Valor
Acurácia,0.42026143790849674
Matriz de Confusão,"[[9 5 4]
 [8 5 4]
 [5 3 7]]"
Relatório de Classificação,"{'-1.0': {'precision': 0.4090909090909091, 'recall': 0.5, 'f1-score': 0.45, 'support': 18}, '0.0': {'precision': 0.38461538461538464, 'recall': 0.29411764705882354, 'f1-score': 0.33333333333333337, 'support': 17}, '1.0': {'precision': 0.4666666666666667, 'recall': 0.4666666666666667, 'f1-score': 0.4666666666666667, 'support': 15}, 'accuracy': 0.42, 'macro avg': {'precision': 0.42012432012432016, 'recall': 0.42026143790849674, 'f1-score': 0.4166666666666667, 'support': 50}, 'weighted avg': {'precision': 0.4180419580419581, 'recall': 0.42, 'f1-score': 0.41533333333333333, 'support': 50}}"
Sensibilidade,0.42
Especificidade,0.6428571428571429
