Métrica,Valor
Acurácia Média,0.8120019111323459
Sensibilidade Média,0.9030769230769231
Especificidade Média,0.8210041407867495
