Métrica,Valor
Acurácia,0.5217391304347826
Matriz de Confusão,"[[25 21]
 [ 2  2]]"
Relatório de Classificação,"{'0': {'precision': 0.9259259259259259, 'recall': 0.5434782608695652, 'f1-score': 0.6849315068493151, 'support': 46}, '1': {'precision': 0.08695652173913043, 'recall': 0.5, 'f1-score': 0.14814814814814817, 'support': 4}, 'accuracy': 0.54, 'macro avg': {'precision': 0.5064412238325282, 'recall': 0.5217391304347826, 'f1-score': 0.41653982749873164, 'support': 50}, 'weighted avg': {'precision': 0.8588083735909824, 'recall': 0.54, 'f1-score': 0.6419888381532217, 'support': 50}}"
Sensibilidade,0.54
Especificidade,0.5434782608695652
