Métrica,Valor
Acurácia Média,0.8482160392798691
Sensibilidade Média,0.9592760180995475
Especificidade Média,0.8887397708674306
