Métrica,Valor
Acurácia,0.6968085106382979
Matriz de Confusão,"[[42  5]
 [ 2  2]]"
Relatório de Classificação,"{'0': {'precision': 0.9545454545454546, 'recall': 0.8936170212765957, 'f1-score': 0.9230769230769231, 'support': 47}, '1': {'precision': 0.2857142857142857, 'recall': 0.5, 'f1-score': 0.36363636363636365, 'support': 4}, 'accuracy': 0.8627450980392157, 'macro avg': {'precision': 0.6201298701298701, 'recall': 0.6968085106382979, 'f1-score': 0.6433566433566433, 'support': 51}, 'weighted avg': {'precision': 0.902088107970461, 'recall': 0.8627450980392157, 'f1-score': 0.8791992321404086, 'support': 51}}"
Sensibilidade,0.8627450980392157
Especificidade,0.8936170212765957
