Métrica,Valor
Acurácia Média,0.44982454810953487
Sensibilidade Média,0.4674556213017752
Especificidade Média,0.7494068578612516
