Métrica,Valor
Acurácia,0.37863108206245455
Matriz de Confusão,"[[13  5  9]
 [ 3  1  4]
 [ 4  4  9]]"
Relatório de Classificação,"{'-1.0': {'precision': 0.65, 'recall': 0.48148148148148145, 'f1-score': 0.553191489361702, 'support': 27}, '0.0': {'precision': 0.1, 'recall': 0.125, 'f1-score': 0.11111111111111112, 'support': 8}, '1.0': {'precision': 0.4090909090909091, 'recall': 0.5294117647058824, 'f1-score': 0.46153846153846156, 'support': 17}, 'accuracy': 0.4423076923076923, 'macro avg': {'precision': 0.3863636363636364, 'recall': 0.37863108206245455, 'f1-score': 0.3752803540037582, 'support': 52}, 'weighted avg': {'precision': 0.4866258741258741, 'recall': 0.4423076923076923, 'f1-score': 0.4552156336117056, 'support': 52}}"
Sensibilidade,0.4423076923076923
Especificidade,0.7222222222222222
