Métrica,Valor
Acurácia,0.4467836257309941
Matriz de Confusão,"[[9 6 4]
 [4 6 8]
 [4 3 8]]"
Relatório de Classificação,"{'-1.0': {'precision': 0.5294117647058824, 'recall': 0.47368421052631576, 'f1-score': 0.5, 'support': 19}, '0.0': {'precision': 0.4, 'recall': 0.3333333333333333, 'f1-score': 0.3636363636363636, 'support': 18}, '1.0': {'precision': 0.4, 'recall': 0.5333333333333333, 'f1-score': 0.4571428571428572, 'support': 15}, 'accuracy': 0.4423076923076923, 'macro avg': {'precision': 0.4431372549019608, 'recall': 0.4467836257309941, 'f1-score': 0.4402597402597402, 'support': 52}, 'weighted avg': {'precision': 0.44728506787330313, 'recall': 0.4423076923076923, 'f1-score': 0.4404345654345655, 'support': 52}}"
Sensibilidade,0.4423076923076923
Especificidade,0.6
