Métrica,Valor
Acurácia,0.30476190476190473
Matriz de Confusão,"[[16  6  8]
 [ 0  0  1]
 [10  3  8]]"
Relatório de Classificação,"{'-1.0': {'precision': 0.6153846153846154, 'recall': 0.5333333333333333, 'f1-score': 0.5714285714285715, 'support': 30}, '0.0': {'precision': 0.0, 'recall': 0.0, 'f1-score': 0.0, 'support': 1}, '1.0': {'precision': 0.47058823529411764, 'recall': 0.38095238095238093, 'f1-score': 0.42105263157894735, 'support': 21}, 'accuracy': 0.46153846153846156, 'macro avg': {'precision': 0.3619909502262444, 'recall': 0.30476190476190473, 'f1-score': 0.33082706766917297, 'support': 52}, 'weighted avg': {'precision': 0.5450748346675949, 'recall': 0.46153846153846156, 'f1-score': 0.49971081550028923, 'support': 52}}"
Sensibilidade,0.46153846153846156
Especificidade,0.7272727272727273
