Métrica,Valor
Acurácia,0.41507246376811596
Matriz de Confusão,"[[13  2  8]
 [ 3  0  1]
 [ 4  4 17]]"
Relatório de Classificação,"{'-1.0': {'precision': 0.65, 'recall': 0.5652173913043478, 'f1-score': 0.6046511627906976, 'support': 23}, '0.0': {'precision': 0.0, 'recall': 0.0, 'f1-score': 0.0, 'support': 4}, '1.0': {'precision': 0.6538461538461539, 'recall': 0.68, 'f1-score': 0.6666666666666666, 'support': 25}, 'accuracy': 0.5769230769230769, 'macro avg': {'precision': 0.4346153846153846, 'recall': 0.41507246376811596, 'f1-score': 0.42377260981912146, 'support': 52}, 'weighted avg': {'precision': 0.6018491124260356, 'recall': 0.5769230769230769, 'f1-score': 0.5879546809779368, 'support': 52}}"
Sensibilidade,0.5769230769230769
Especificidade,0.8666666666666667
