Métrica,Valor
Acurácia,0.3446969696969697
Matriz de Confusão,"[[10  7  5]
 [ 4  1  3]
 [ 8  4 10]]"
Relatório de Classificação,"{'-1.0': {'precision': 0.45454545454545453, 'recall': 0.45454545454545453, 'f1-score': 0.45454545454545453, 'support': 22}, '0.0': {'precision': 0.08333333333333333, 'recall': 0.125, 'f1-score': 0.1, 'support': 8}, '1.0': {'precision': 0.5555555555555556, 'recall': 0.45454545454545453, 'f1-score': 0.5, 'support': 22}, 'accuracy': 0.40384615384615385, 'macro avg': {'precision': 0.36447811447811446, 'recall': 0.3446969696969697, 'f1-score': 0.35151515151515156, 'support': 52}, 'weighted avg': {'precision': 0.44017094017094016, 'recall': 0.40384615384615385, 'f1-score': 0.41923076923076924, 'support': 52}}"
Sensibilidade,0.40384615384615385
Especificidade,0.5882352941176471
