Métrica,Valor
Acurácia,0.3595238095238096
Matriz de Confusão,"[[ 3  1  3]
 [14 10 16]
 [ 2  1  2]]"
Relatório de Classificação,"{'-1.0': {'precision': 0.15789473684210525, 'recall': 0.42857142857142855, 'f1-score': 0.23076923076923078, 'support': 7}, '0.0': {'precision': 0.8333333333333334, 'recall': 0.25, 'f1-score': 0.3846153846153846, 'support': 40}, '1.0': {'precision': 0.09523809523809523, 'recall': 0.4, 'f1-score': 0.15384615384615385, 'support': 5}, 'accuracy': 0.28846153846153844, 'macro avg': {'precision': 0.3621553884711779, 'recall': 0.3595238095238096, 'f1-score': 0.25641025641025644, 'support': 52}, 'weighted avg': {'precision': 0.6714382109118952, 'recall': 0.28846153846153844, 'f1-score': 0.34171597633136097, 'support': 52}}"
Sensibilidade,0.28846153846153844
Especificidade,0.75
