Métrica,Valor
Acurácia Média,0.8275926201458117
Sensibilidade Média,0.953525641025641
Especificidade Média,0.8859544710608541
