Métrica,Valor
Acurácia Média,0.4948253960239216
Sensibilidade Média,0.5153846153846156
Especificidade Média,0.8410991224250335
