Métrica,Valor
Acurácia,0.4248120300751879
Matriz de Confusão,"[[12  1  6]
 [ 5  1  1]
 [ 9  3 12]]"
Relatório de Classificação,"{'-1.0': {'precision': 0.46153846153846156, 'recall': 0.631578947368421, 'f1-score': 0.5333333333333333, 'support': 19}, '0.0': {'precision': 0.2, 'recall': 0.14285714285714285, 'f1-score': 0.16666666666666666, 'support': 7}, '1.0': {'precision': 0.631578947368421, 'recall': 0.5, 'f1-score': 0.5581395348837209, 'support': 24}, 'accuracy': 0.5, 'macro avg': {'precision': 0.43103913630229423, 'recall': 0.4248120300751879, 'f1-score': 0.41937984496124026, 'support': 50}, 'weighted avg': {'precision': 0.5065425101214575, 'recall': 0.5, 'f1-score': 0.49390697674418604, 'support': 50}}"
Sensibilidade,0.5
Especificidade,0.9230769230769231
