Métrica,Valor
Acurácia,0.6956140350877194
Matriz de Confusão,"[[ 9  2  4]
 [ 2 14  3]
 [ 3  1 12]]"
Relatório de Classificação,"{'-1.0': {'precision': 0.6428571428571429, 'recall': 0.6, 'f1-score': 0.6206896551724138, 'support': 15}, '0.0': {'precision': 0.8235294117647058, 'recall': 0.7368421052631579, 'f1-score': 0.7777777777777778, 'support': 19}, '1.0': {'precision': 0.631578947368421, 'recall': 0.75, 'f1-score': 0.6857142857142857, 'support': 16}, 'accuracy': 0.7, 'macro avg': {'precision': 0.6993218339967567, 'recall': 0.6956140350877194, 'f1-score': 0.6947272395548257, 'support': 50}, 'weighted avg': {'precision': 0.7079035824856258, 'recall': 0.7, 'f1-score': 0.701191023535851, 'support': 50}}"
Sensibilidade,0.7
Especificidade,0.8181818181818182
