Métrica,Valor
Acurácia,0.5152046783625731
Matriz de Confusão,"[[ 7  2  6]
 [ 4 11  4]
 [ 6  2  8]]"
Relatório de Classificação,"{'-1.0': {'precision': 0.4117647058823529, 'recall': 0.4666666666666667, 'f1-score': 0.43749999999999994, 'support': 15}, '0.0': {'precision': 0.7333333333333333, 'recall': 0.5789473684210527, 'f1-score': 0.6470588235294117, 'support': 19}, '1.0': {'precision': 0.4444444444444444, 'recall': 0.5, 'f1-score': 0.47058823529411764, 'support': 16}, 'accuracy': 0.52, 'macro avg': {'precision': 0.5298474945533769, 'recall': 0.5152046783625731, 'f1-score': 0.5183823529411765, 'support': 50}, 'weighted avg': {'precision': 0.5444183006535948, 'recall': 0.52, 'f1-score': 0.5277205882352941, 'support': 50}}"
Sensibilidade,0.52
Especificidade,0.7777777777777778
