Métrica,Valor
Acurácia,0.6995540691192864
Matriz de Confusão,"[[15  4  7]
 [ 0  1  0]
 [ 8  3 12]]"
Relatório de Classificação,"{'-1.0': {'precision': 0.6521739130434783, 'recall': 0.5769230769230769, 'f1-score': 0.6122448979591837, 'support': 26}, '0.0': {'precision': 0.125, 'recall': 1.0, 'f1-score': 0.2222222222222222, 'support': 1}, '1.0': {'precision': 0.631578947368421, 'recall': 0.5217391304347826, 'f1-score': 0.5714285714285715, 'support': 23}, 'accuracy': 0.56, 'macro avg': {'precision': 0.4695842868039664, 'recall': 0.6995540691192864, 'f1-score': 0.4686318972033258, 'support': 50}, 'weighted avg': {'precision': 0.6321567505720823, 'recall': 0.56, 'f1-score': 0.5856689342403628, 'support': 50}}"
Sensibilidade,0.56
Especificidade,0.7894736842105263
