Métrica,Valor
Acurácia Média,0.8031437650668418
Sensibilidade Média,0.9316239316239316
Especificidade Média,0.853570750237417
