Métrica,Valor
Acurácia,0.4807692307692308
Matriz de Confusão,"[[50  2]
 [ 2  0]]"
Relatório de Classificação,"{'0': {'precision': 0.9615384615384616, 'recall': 0.9615384615384616, 'f1-score': 0.9615384615384616, 'support': 52}, '1': {'precision': 0.0, 'recall': 0.0, 'f1-score': 0.0, 'support': 2}, 'accuracy': 0.9259259259259259, 'macro avg': {'precision': 0.4807692307692308, 'recall': 0.4807692307692308, 'f1-score': 0.4807692307692308, 'support': 54}, 'weighted avg': {'precision': 0.9259259259259259, 'recall': 0.9259259259259259, 'f1-score': 0.9259259259259259, 'support': 54}}"
Sensibilidade,0.9259259259259259
Especificidade,0.9615384615384616
