Métrica,Valor
Acurácia Média,0.7996323529411764
Sensibilidade Média,0.9541420118343196
Especificidade Média,0.8877262443438914
