Métrica,Valor
Acurácia,0.5520833333333333
Matriz de Confusão,"[[41  7]
 [ 3  1]]"
Relatório de Classificação,"{'0': {'precision': 0.9318181818181818, 'recall': 0.8541666666666666, 'f1-score': 0.8913043478260869, 'support': 48}, '1': {'precision': 0.125, 'recall': 0.25, 'f1-score': 0.16666666666666666, 'support': 4}, 'accuracy': 0.8076923076923077, 'macro avg': {'precision': 0.5284090909090908, 'recall': 0.5520833333333333, 'f1-score': 0.5289855072463768, 'support': 52}, 'weighted avg': {'precision': 0.8697552447552448, 'recall': 0.8076923076923077, 'f1-score': 0.8355629877369007, 'support': 52}}"
Sensibilidade,0.8076923076923077
Especificidade,0.8541666666666666
