Métrica,Valor
Acurácia Média,0.42744580012550126
Sensibilidade Média,0.4455128205128206
Especificidade Média,0.7093028766105689
