Métrica,Valor
Acurácia,0.3115942028985507
Matriz de Confusão,"[[ 6  6  8]
 [ 1  1  3]
 [10  3 10]]"
Relatório de Classificação,"{'-1.0': {'precision': 0.35294117647058826, 'recall': 0.3, 'f1-score': 0.3243243243243243, 'support': 20}, '0.0': {'precision': 0.1, 'recall': 0.2, 'f1-score': 0.13333333333333333, 'support': 5}, '1.0': {'precision': 0.47619047619047616, 'recall': 0.43478260869565216, 'f1-score': 0.4545454545454545, 'support': 23}, 'accuracy': 0.3541666666666667, 'macro avg': {'precision': 0.3097105508870215, 'recall': 0.3115942028985507, 'f1-score': 0.30406770406770406, 'support': 48}, 'weighted avg': {'precision': 0.3856500933706816, 'recall': 0.3541666666666667, 'f1-score': 0.36682705432705426, 'support': 48}}"
Sensibilidade,0.3541666666666667
Especificidade,0.5
