Métrica,Valor
Acurácia,0.4920634920634921
Matriz de Confusão,"[[11  2  8]
 [ 3  2  1]
 [ 6  2 13]]"
Relatório de Classificação,"{'-1.0': {'precision': 0.55, 'recall': 0.5238095238095238, 'f1-score': 0.5365853658536585, 'support': 21}, '0.0': {'precision': 0.3333333333333333, 'recall': 0.3333333333333333, 'f1-score': 0.3333333333333333, 'support': 6}, '1.0': {'precision': 0.5909090909090909, 'recall': 0.6190476190476191, 'f1-score': 0.6046511627906977, 'support': 21}, 'accuracy': 0.5416666666666666, 'macro avg': {'precision': 0.49141414141414136, 'recall': 0.4920634920634921, 'f1-score': 0.4915232873258965, 'support': 48}, 'weighted avg': {'precision': 0.540814393939394, 'recall': 0.5416666666666666, 'f1-score': 0.5409576479485725, 'support': 48}}"
Sensibilidade,0.5416666666666666
Especificidade,0.8461538461538461
