Métrica,Valor
Acurácia,0.4407407407407408
Matriz de Confusão,"[[ 8  4  8]
 [ 5  2  3]
 [ 1  4 13]]"
Relatório de Classificação,"{'-1.0': {'precision': 0.5714285714285714, 'recall': 0.4, 'f1-score': 0.47058823529411764, 'support': 20}, '0.0': {'precision': 0.2, 'recall': 0.2, 'f1-score': 0.20000000000000004, 'support': 10}, '1.0': {'precision': 0.5416666666666666, 'recall': 0.7222222222222222, 'f1-score': 0.619047619047619, 'support': 18}, 'accuracy': 0.4791666666666667, 'macro avg': {'precision': 0.43769841269841264, 'recall': 0.4407407407407408, 'f1-score': 0.4298786181139122, 'support': 48}, 'weighted avg': {'precision': 0.4828869047619047, 'recall': 0.4791666666666667, 'f1-score': 0.46988795518207277, 'support': 48}}"
Sensibilidade,0.4791666666666667
Especificidade,0.6666666666666666
