Métrica,Valor
Acurácia Média,0.4264315485573826
Sensibilidade Média,0.4503205128205128
Especificidade Média,0.8475756772136863
