Métrica,Valor
Acurácia,0.2619047619047619
Matriz de Confusão,"[[11  4  7]
 [ 4  0  1]
 [ 9  6  6]]"
Relatório de Classificação,"{'-1.0': {'precision': 0.4583333333333333, 'recall': 0.5, 'f1-score': 0.4782608695652174, 'support': 22}, '0.0': {'precision': 0.0, 'recall': 0.0, 'f1-score': 0.0, 'support': 5}, '1.0': {'precision': 0.42857142857142855, 'recall': 0.2857142857142857, 'f1-score': 0.34285714285714286, 'support': 21}, 'accuracy': 0.3541666666666667, 'macro avg': {'precision': 0.29563492063492064, 'recall': 0.2619047619047619, 'f1-score': 0.2737060041407868, 'support': 48}, 'weighted avg': {'precision': 0.3975694444444444, 'recall': 0.3541666666666667, 'f1-score': 0.3692028985507247, 'support': 48}}"
Sensibilidade,0.3541666666666667
Especificidade,0.7333333333333333
