Métrica,Valor
Acurácia,0.4888888888888889
Matriz de Confusão,"[[ 4  0  2]
 [ 9  8 18]
 [ 1  2  4]]"
Relatório de Classificação,"{'-1.0': {'precision': 0.2857142857142857, 'recall': 0.6666666666666666, 'f1-score': 0.4, 'support': 6}, '0.0': {'precision': 0.8, 'recall': 0.22857142857142856, 'f1-score': 0.3555555555555555, 'support': 35}, '1.0': {'precision': 0.16666666666666666, 'recall': 0.5714285714285714, 'f1-score': 0.25806451612903225, 'support': 7}, 'accuracy': 0.3333333333333333, 'macro avg': {'precision': 0.41746031746031753, 'recall': 0.4888888888888889, 'f1-score': 0.33787335722819595, 'support': 48}, 'weighted avg': {'precision': 0.6433531746031746, 'recall': 0.3333333333333333, 'f1-score': 0.3468936678614098, 'support': 48}}"
Sensibilidade,0.3333333333333333
Especificidade,1.0
