Métrica,Valor
Acurácia,0.38856400259909035
Matriz de Confusão,"[[13  4 10]
 [ 0  0  2]
 [ 4  2 13]]"
Relatório de Classificação,"{'-1.0': {'precision': 0.7647058823529411, 'recall': 0.48148148148148145, 'f1-score': 0.5909090909090909, 'support': 27}, '0.0': {'precision': 0.0, 'recall': 0.0, 'f1-score': 0.0, 'support': 2}, '1.0': {'precision': 0.52, 'recall': 0.6842105263157895, 'f1-score': 0.5909090909090909, 'support': 19}, 'accuracy': 0.5416666666666666, 'macro avg': {'precision': 0.42823529411764705, 'recall': 0.38856400259909035, 'f1-score': 0.393939393939394, 'support': 48}, 'weighted avg': {'precision': 0.6359803921568626, 'recall': 0.5416666666666666, 'f1-score': 0.5662878787878788, 'support': 48}}"
Sensibilidade,0.5416666666666666
Especificidade,0.7647058823529411
