Métrica,Valor
Acurácia,0.4737373737373738
Matriz de Confusão,"[[ 5  0  6]
 [ 5 11  6]
 [ 4  4  7]]"
Relatório de Classificação,"{'-1.0': {'precision': 0.35714285714285715, 'recall': 0.45454545454545453, 'f1-score': 0.4, 'support': 11}, '0.0': {'precision': 0.7333333333333333, 'recall': 0.5, 'f1-score': 0.5945945945945945, 'support': 22}, '1.0': {'precision': 0.3684210526315789, 'recall': 0.4666666666666667, 'f1-score': 0.4117647058823529, 'support': 15}, 'accuracy': 0.4791666666666667, 'macro avg': {'precision': 0.4862990810359231, 'recall': 0.4737373737373738, 'f1-score': 0.4687864334923158, 'support': 48}, 'weighted avg': {'precision': 0.5330879281537176, 'recall': 0.4791666666666667, 'f1-score': 0.4928656597774244, 'support': 48}}"
Sensibilidade,0.4791666666666667
Especificidade,1.0
