Métrica,Valor
Acurácia,0.4371794871794872
Matriz de Confusão,"[[6 0 7]
 [8 5 7]
 [3 3 9]]"
Relatório de Classificação,"{'-1.0': {'precision': 0.35294117647058826, 'recall': 0.46153846153846156, 'f1-score': 0.4000000000000001, 'support': 13}, '0.0': {'precision': 0.625, 'recall': 0.25, 'f1-score': 0.35714285714285715, 'support': 20}, '1.0': {'precision': 0.391304347826087, 'recall': 0.6, 'f1-score': 0.47368421052631576, 'support': 15}, 'accuracy': 0.4166666666666667, 'macro avg': {'precision': 0.45641517476555843, 'recall': 0.4371794871794872, 'f1-score': 0.4102756892230577, 'support': 48}, 'weighted avg': {'precision': 0.47828751065643654, 'recall': 0.4166666666666667, 'f1-score': 0.40516917293233085, 'support': 48}}"
Sensibilidade,0.4166666666666667
Especificidade,1.0
