Métrica,Valor
Acurácia,0.3964752567693744
Matriz de Confusão,"[[10  3  4]
 [ 4  1  2]
 [10  3 11]]"
Relatório de Classificação,"{'-1.0': {'precision': 0.4166666666666667, 'recall': 0.5882352941176471, 'f1-score': 0.48780487804878053, 'support': 17}, '0.0': {'precision': 0.14285714285714285, 'recall': 0.14285714285714285, 'f1-score': 0.14285714285714285, 'support': 7}, '1.0': {'precision': 0.6470588235294118, 'recall': 0.4583333333333333, 'f1-score': 0.5365853658536585, 'support': 24}, 'accuracy': 0.4583333333333333, 'macro avg': {'precision': 0.4021942110177405, 'recall': 0.3964752567693744, 'f1-score': 0.38908246225319393, 'support': 48}, 'weighted avg': {'precision': 0.49193218954248374, 'recall': 0.4583333333333333, 'f1-score': 0.461890243902439, 'support': 48}}"
Sensibilidade,0.4583333333333333
Especificidade,0.7692307692307693
