Métrica,Valor
Acurácia Média,0.5766780394417927
Sensibilidade Média,0.6257396449704142
Especificidade Média,0.9227810650887575
