Métrica,Valor
Acurácia,0.696886446886447
Matriz de Confusão,"[[ 8  0  6]
 [ 4 20  2]
 [ 2  1  9]]"
Relatório de Classificação,"{'-1.0': {'precision': 0.5714285714285714, 'recall': 0.5714285714285714, 'f1-score': 0.5714285714285714, 'support': 14}, '0.0': {'precision': 0.9523809523809523, 'recall': 0.7692307692307693, 'f1-score': 0.8510638297872339, 'support': 26}, '1.0': {'precision': 0.5294117647058824, 'recall': 0.75, 'f1-score': 0.6206896551724139, 'support': 12}, 'accuracy': 0.7115384615384616, 'macro avg': {'precision': 0.684407096171802, 'recall': 0.696886446886447, 'f1-score': 0.6810606854627398, 'support': 52}, 'weighted avg': {'precision': 0.7522085757379874, 'recall': 0.7115384615384616, 'f1-score': 0.7226141430103279, 'support': 52}}"
Sensibilidade,0.7115384615384616
Especificidade,1.0
