Métrica,Valor
Acurácia,0.49845679012345673
Matriz de Confusão,"[[19  2  6]
 [ 1  0  0]
 [ 3  2 19]]"
Relatório de Classificação,"{'-1.0': {'precision': 0.8260869565217391, 'recall': 0.7037037037037037, 'f1-score': 0.76, 'support': 27}, '0.0': {'precision': 0.0, 'recall': 0.0, 'f1-score': 0.0, 'support': 1}, '1.0': {'precision': 0.76, 'recall': 0.7916666666666666, 'f1-score': 0.7755102040816326, 'support': 24}, 'accuracy': 0.7307692307692307, 'macro avg': {'precision': 0.528695652173913, 'recall': 0.49845679012345673, 'f1-score': 0.5118367346938776, 'support': 52}, 'weighted avg': {'precision': 0.7796989966555186, 'recall': 0.7307692307692307, 'f1-score': 0.7525431711145997, 'support': 52}}"
Sensibilidade,0.7307692307692307
Especificidade,0.9047619047619048
