Métrica,Valor
Acurácia,0.3830409356725146
Matriz de Confusão,"[[ 4  3  1]
 [10 12 16]
 [ 1  3  2]]"
Relatório de Classificação,"{'-1.0': {'precision': 0.26666666666666666, 'recall': 0.5, 'f1-score': 0.3478260869565218, 'support': 8}, '0.0': {'precision': 0.6666666666666666, 'recall': 0.3157894736842105, 'f1-score': 0.42857142857142855, 'support': 38}, '1.0': {'precision': 0.10526315789473684, 'recall': 0.3333333333333333, 'f1-score': 0.16, 'support': 6}, 'accuracy': 0.34615384615384615, 'macro avg': {'precision': 0.3461988304093568, 'recall': 0.3830409356725146, 'f1-score': 0.31213250517598345, 'support': 52}, 'weighted avg': {'precision': 0.5403508771929825, 'recall': 0.34615384615384615, 'f1-score': 0.3851600573339704, 'support': 52}}"
Sensibilidade,0.34615384615384615
Especificidade,0.5714285714285714
