Métrica,Valor
Acurácia,0.5877777777777778
Matriz de Confusão,"[[17  0  8]
 [ 0  1  2]
 [ 6  0 18]]"
Relatório de Classificação,"{'-1.0': {'precision': 0.7391304347826086, 'recall': 0.68, 'f1-score': 0.7083333333333334, 'support': 25}, '0.0': {'precision': 1.0, 'recall': 0.3333333333333333, 'f1-score': 0.5, 'support': 3}, '1.0': {'precision': 0.6428571428571429, 'recall': 0.75, 'f1-score': 0.6923076923076924, 'support': 24}, 'accuracy': 0.6923076923076923, 'macro avg': {'precision': 0.7939958592132506, 'recall': 0.5877777777777778, 'f1-score': 0.6335470085470086, 'support': 52}, 'weighted avg': {'precision': 0.7097467749641664, 'recall': 0.6923076923076923, 'f1-score': 0.6889176528599606, 'support': 52}}"
Sensibilidade,0.6923076923076923
Especificidade,1.0
