Métrica,Valor
Acurácia,0.5740740740740741
Matriz de Confusão,"[[12  2  3]
 [ 4  5  8]
 [ 4  1 13]]"
Relatório de Classificação,"{'-1.0': {'precision': 0.6, 'recall': 0.7058823529411765, 'f1-score': 0.6486486486486486, 'support': 17}, '0.0': {'precision': 0.625, 'recall': 0.29411764705882354, 'f1-score': 0.4, 'support': 17}, '1.0': {'precision': 0.5416666666666666, 'recall': 0.7222222222222222, 'f1-score': 0.619047619047619, 'support': 18}, 'accuracy': 0.5769230769230769, 'macro avg': {'precision': 0.5888888888888889, 'recall': 0.5740740740740741, 'f1-score': 0.5558987558987559, 'support': 52}, 'weighted avg': {'precision': 0.5879807692307693, 'recall': 0.5769230769230769, 'f1-score': 0.5571131571131571, 'support': 52}}"
Sensibilidade,0.5769230769230769
Especificidade,0.8571428571428571
