Métrica,Valor
Acurácia,0.5238095238095238
Matriz de Confusão,"[[ 4  0  1]
 [15  8 17]
 [ 3  0  4]]"
Relatório de Classificação,"{'-1.0': {'precision': 0.18181818181818182, 'recall': 0.8, 'f1-score': 0.2962962962962963, 'support': 5}, '0.0': {'precision': 1.0, 'recall': 0.2, 'f1-score': 0.33333333333333337, 'support': 40}, '1.0': {'precision': 0.18181818181818182, 'recall': 0.5714285714285714, 'f1-score': 0.27586206896551724, 'support': 7}, 'accuracy': 0.3076923076923077, 'macro avg': {'precision': 0.4545454545454546, 'recall': 0.5238095238095238, 'f1-score': 0.3018305661983823, 'support': 52}, 'weighted avg': {'precision': 0.8111888111888111, 'recall': 0.3076923076923077, 'f1-score': 0.32203556341487377, 'support': 52}}"
Sensibilidade,0.3076923076923077
Especificidade,1.0
