Métrica,Valor
Acurácia Média,0.789394651351665
Sensibilidade Média,0.9245562130177516
Especificidade Média,0.8554165216382411
