Métrica,Valor
Acurácia,0.29411764705882354
Matriz de Confusão,"[[30 21]
 [ 1  0]]"
Relatório de Classificação,"{'0': {'precision': 0.967741935483871, 'recall': 0.5882352941176471, 'f1-score': 0.7317073170731707, 'support': 51}, '1': {'precision': 0.0, 'recall': 0.0, 'f1-score': 0.0, 'support': 1}, 'accuracy': 0.5769230769230769, 'macro avg': {'precision': 0.4838709677419355, 'recall': 0.29411764705882354, 'f1-score': 0.36585365853658536, 'support': 52}, 'weighted avg': {'precision': 0.9491315136476428, 'recall': 0.5769230769230769, 'f1-score': 0.7176360225140712, 'support': 52}}"
Sensibilidade,0.5769230769230769
Especificidade,0.5882352941176471
