Métrica,Valor
Acurácia,0.6041666666666667
Matriz de Confusão,"[[34 14]
 [ 2  2]]"
Relatório de Classificação,"{'0': {'precision': 0.9444444444444444, 'recall': 0.7083333333333334, 'f1-score': 0.8095238095238096, 'support': 48}, '1': {'precision': 0.125, 'recall': 0.5, 'f1-score': 0.2, 'support': 4}, 'accuracy': 0.6923076923076923, 'macro avg': {'precision': 0.5347222222222222, 'recall': 0.6041666666666667, 'f1-score': 0.5047619047619049, 'support': 52}, 'weighted avg': {'precision': 0.8814102564102563, 'recall': 0.6923076923076923, 'f1-score': 0.7626373626373627, 'support': 52}}"
Sensibilidade,0.6923076923076923
Especificidade,0.7083333333333334
