Métrica,Valor
Acurácia Média,0.428865691783752
Sensibilidade Média,0.4521193092621664
Especificidade Média,0.7367265150636191
