Métrica,Valor
Acurácia,0.4038647342995169
Matriz de Confusão,"[[ 7  9  5]
 [ 1  2  2]
 [11  1 11]]"
Relatório de Classificação,"{'-1.0': {'precision': 0.3684210526315789, 'recall': 0.3333333333333333, 'f1-score': 0.35, 'support': 21}, '0.0': {'precision': 0.16666666666666666, 'recall': 0.4, 'f1-score': 0.23529411764705882, 'support': 5}, '1.0': {'precision': 0.6111111111111112, 'recall': 0.4782608695652174, 'f1-score': 0.5365853658536586, 'support': 23}, 'accuracy': 0.40816326530612246, 'macro avg': {'precision': 0.38206627680311894, 'recall': 0.4038647342995169, 'f1-score': 0.37395982783357246, 'support': 49}, 'weighted avg': {'precision': 0.46174961212555204, 'recall': 0.40816326530612246, 'f1-score': 0.42587620414019267, 'support': 49}}"
Sensibilidade,0.40816326530612246
Especificidade,0.4375
