Métrica,Valor
Acurácia,0.29102564102564105
Matriz de Confusão,"[[11  3 12]
 [ 1  0  2]
 [ 6  5  9]]"
Relatório de Classificação,"{'-1.0': {'precision': 0.6111111111111112, 'recall': 0.4230769230769231, 'f1-score': 0.5, 'support': 26}, '0.0': {'precision': 0.0, 'recall': 0.0, 'f1-score': 0.0, 'support': 3}, '1.0': {'precision': 0.391304347826087, 'recall': 0.45, 'f1-score': 0.4186046511627907, 'support': 20}, 'accuracy': 0.40816326530612246, 'macro avg': {'precision': 0.33413848631239934, 'recall': 0.29102564102564105, 'f1-score': 0.30620155038759694, 'support': 49}, 'weighted avg': {'precision': 0.48397909888593116, 'recall': 0.40816326530612246, 'f1-score': 0.4361651637399146, 'support': 49}}"
Sensibilidade,0.40816326530612246
Especificidade,0.7857142857142857
