Métrica,Valor
Acurácia,0.5412037037037036
Matriz de Confusão,"[[13  2  1]
 [12  5  1]
 [ 4  3  8]]"
Relatório de Classificação,"{'-1.0': {'precision': 0.4482758620689655, 'recall': 0.8125, 'f1-score': 0.5777777777777777, 'support': 16}, '0.0': {'precision': 0.5, 'recall': 0.2777777777777778, 'f1-score': 0.35714285714285715, 'support': 18}, '1.0': {'precision': 0.8, 'recall': 0.5333333333333333, 'f1-score': 0.64, 'support': 15}, 'accuracy': 0.5306122448979592, 'macro avg': {'precision': 0.5827586206896552, 'recall': 0.5412037037037036, 'f1-score': 0.524973544973545, 'support': 49}, 'weighted avg': {'precision': 0.5749472202674173, 'recall': 0.5306122448979592, 'f1-score': 0.5157758341431811, 'support': 49}}"
Sensibilidade,0.5306122448979592
Especificidade,0.8666666666666667
