Métrica,Valor
Acurácia,0.49100529100529106
Matriz de Confusão,"[[12  6  9]
 [ 4  3  0]
 [ 5  1  9]]"
Relatório de Classificação,"{'-1.0': {'precision': 0.5714285714285714, 'recall': 0.4444444444444444, 'f1-score': 0.5, 'support': 27}, '0.0': {'precision': 0.3, 'recall': 0.42857142857142855, 'f1-score': 0.3529411764705882, 'support': 7}, '1.0': {'precision': 0.5, 'recall': 0.6, 'f1-score': 0.5454545454545454, 'support': 15}, 'accuracy': 0.4897959183673469, 'macro avg': {'precision': 0.45714285714285713, 'recall': 0.49100529100529106, 'f1-score': 0.4661319073083779, 'support': 49}, 'weighted avg': {'precision': 0.5107871720116618, 'recall': 0.4897959183673469, 'f1-score': 0.4929062534104551, 'support': 49}}"
Sensibilidade,0.4897959183673469
Especificidade,0.6666666666666666
