Métrica,Valor
Acurácia,0.3093434343434343
Matriz de Confusão,"[[ 3  1  4]
 [ 6 10 17]
 [ 2  4  2]]"
Relatório de Classificação,"{'-1.0': {'precision': 0.2727272727272727, 'recall': 0.375, 'f1-score': 0.3157894736842105, 'support': 8}, '0.0': {'precision': 0.6666666666666666, 'recall': 0.30303030303030304, 'f1-score': 0.41666666666666663, 'support': 33}, '1.0': {'precision': 0.08695652173913043, 'recall': 0.25, 'f1-score': 0.12903225806451613, 'support': 8}, 'accuracy': 0.30612244897959184, 'macro avg': {'precision': 0.3421168203776899, 'recall': 0.3093434343434343, 'f1-score': 0.28716279947179774, 'support': 49}, 'weighted avg': {'precision': 0.507703476647576, 'recall': 0.30612244897959184, 'f1-score': 0.35323620110183285, 'support': 49}}"
Sensibilidade,0.30612244897959184
Especificidade,0.75
