Métrica,Valor
Acurácia,0.46060606060606063
Matriz de Confusão,"[[16  2  4]
 [ 1  1  3]
 [ 8  4 10]]"
Relatório de Classificação,"{'-1.0': {'precision': 0.64, 'recall': 0.7272727272727273, 'f1-score': 0.6808510638297872, 'support': 22}, '0.0': {'precision': 0.14285714285714285, 'recall': 0.2, 'f1-score': 0.16666666666666666, 'support': 5}, '1.0': {'precision': 0.5882352941176471, 'recall': 0.45454545454545453, 'f1-score': 0.5128205128205129, 'support': 22}, 'accuracy': 0.5510204081632653, 'macro avg': {'precision': 0.45703081232493004, 'recall': 0.46060606060606063, 'f1-score': 0.45344608110565554, 'support': 49}, 'weighted avg': {'precision': 0.5660298405076316, 'recall': 0.5510204081632653, 'f1-score': 0.5529409799926518, 'support': 49}}"
Sensibilidade,0.5510204081632653
Especificidade,0.8888888888888888
