Métrica,Valor
Acurácia,0.5361111111111111
Matriz de Confusão,"[[11  2 11]
 [ 2  2  1]
 [ 5  0 15]]"
Relatório de Classificação,"{'-1.0': {'precision': 0.6111111111111112, 'recall': 0.4583333333333333, 'f1-score': 0.5238095238095238, 'support': 24}, '0.0': {'precision': 0.5, 'recall': 0.4, 'f1-score': 0.4444444444444445, 'support': 5}, '1.0': {'precision': 0.5555555555555556, 'recall': 0.75, 'f1-score': 0.6382978723404256, 'support': 20}, 'accuracy': 0.5714285714285714, 'macro avg': {'precision': 0.5555555555555556, 'recall': 0.5361111111111111, 'f1-score': 0.5355172801981313, 'support': 49}, 'weighted avg': {'precision': 0.5770975056689343, 'recall': 0.5714285714285714, 'f1-score': 0.5624409844991695, 'support': 49}}"
Sensibilidade,0.5714285714285714
Especificidade,0.8461538461538461
