Métrica,Valor
Acurácia,0.3333333333333333
Matriz de Confusão,"[[11  4  2]
 [ 9  0  6]
 [10  1  6]]"
Relatório de Classificação,"{'-1.0': {'precision': 0.36666666666666664, 'recall': 0.6470588235294118, 'f1-score': 0.46808510638297873, 'support': 17}, '0.0': {'precision': 0.0, 'recall': 0.0, 'f1-score': 0.0, 'support': 15}, '1.0': {'precision': 0.42857142857142855, 'recall': 0.35294117647058826, 'f1-score': 0.3870967741935484, 'support': 17}, 'accuracy': 0.3469387755102041, 'macro avg': {'precision': 0.2650793650793651, 'recall': 0.3333333333333333, 'f1-score': 0.28506062685884237, 'support': 49}, 'weighted avg': {'precision': 0.2758989310009718, 'recall': 0.3469387755102041, 'f1-score': 0.2966957544857339, 'support': 49}}"
Sensibilidade,0.3469387755102041
Especificidade,0.7333333333333333
