Métrica,Valor
Acurácia,0.46428571428571425
Matriz de Confusão,"[[16  1  7]
 [ 2  1  1]
 [ 7  4 10]]"
Relatório de Classificação,"{'-1.0': {'precision': 0.64, 'recall': 0.6666666666666666, 'f1-score': 0.6530612244897959, 'support': 24}, '0.0': {'precision': 0.16666666666666666, 'recall': 0.25, 'f1-score': 0.2, 'support': 4}, '1.0': {'precision': 0.5555555555555556, 'recall': 0.47619047619047616, 'f1-score': 0.5128205128205129, 'support': 21}, 'accuracy': 0.5510204081632653, 'macro avg': {'precision': 0.4540740740740741, 'recall': 0.46428571428571425, 'f1-score': 0.4552939124367696, 'support': 49}, 'weighted avg': {'precision': 0.5651700680272109, 'recall': 0.5510204081632653, 'f1-score': 0.5559734725915484, 'support': 49}}"
Sensibilidade,0.5510204081632653
Especificidade,0.9411764705882353
