Métrica,Valor
Acurácia Média,0.4025515414744994
Sensibilidade Média,0.4337152209492635
Especificidade Média,0.704145364439482
