Métrica,Valor
Acurácia,0.19814814814814816
Matriz de Confusão,"[[ 1  1  4]
 [16  1 19]
 [ 3  0  2]]"
Relatório de Classificação,"{'-1.0': {'precision': 0.05, 'recall': 0.16666666666666666, 'f1-score': 0.07692307692307691, 'support': 6}, '0.0': {'precision': 0.5, 'recall': 0.027777777777777776, 'f1-score': 0.05263157894736842, 'support': 36}, '1.0': {'precision': 0.08, 'recall': 0.4, 'f1-score': 0.13333333333333333, 'support': 5}, 'accuracy': 0.0851063829787234, 'macro avg': {'precision': 0.21, 'recall': 0.19814814814814816, 'f1-score': 0.08762932973459288, 'support': 47}, 'weighted avg': {'precision': 0.3978723404255319, 'recall': 0.0851063829787234, 'f1-score': 0.06431791426192321, 'support': 47}}"
Sensibilidade,0.0851063829787234
Especificidade,0.5
