Métrica,Valor
Acurácia,0.38095238095238093
Matriz de Confusão,"[[12  3  6]
 [ 2  0  3]
 [ 4  5 12]]"
Relatório de Classificação,"{'-1.0': {'precision': 0.6666666666666666, 'recall': 0.5714285714285714, 'f1-score': 0.6153846153846153, 'support': 21}, '0.0': {'precision': 0.0, 'recall': 0.0, 'f1-score': 0.0, 'support': 5}, '1.0': {'precision': 0.5714285714285714, 'recall': 0.5714285714285714, 'f1-score': 0.5714285714285714, 'support': 21}, 'accuracy': 0.5106382978723404, 'macro avg': {'precision': 0.41269841269841273, 'recall': 0.38095238095238093, 'f1-score': 0.39560439560439553, 'support': 47}, 'weighted avg': {'precision': 0.5531914893617021, 'recall': 0.5106382978723404, 'f1-score': 0.5302782324058919, 'support': 47}}"
Sensibilidade,0.5106382978723404
Especificidade,0.8
