Métrica,Valor
Acurácia,0.38672438672438675
Matriz de Confusão,"[[ 3  1  3]
 [11 10 12]
 [ 3  1  3]]"
Relatório de Classificação,"{'-1.0': {'precision': 0.17647058823529413, 'recall': 0.42857142857142855, 'f1-score': 0.25, 'support': 7}, '0.0': {'precision': 0.8333333333333334, 'recall': 0.30303030303030304, 'f1-score': 0.4444444444444444, 'support': 33}, '1.0': {'precision': 0.16666666666666666, 'recall': 0.42857142857142855, 'f1-score': 0.24, 'support': 7}, 'accuracy': 0.3404255319148936, 'macro avg': {'precision': 0.39215686274509803, 'recall': 0.38672438672438675, 'f1-score': 0.31148148148148147, 'support': 47}, 'weighted avg': {'precision': 0.6362119315811431, 'recall': 0.3404255319148936, 'f1-score': 0.38503546099290775, 'support': 47}}"
Sensibilidade,0.3404255319148936
Especificidade,0.75
