Métrica,Valor
Acurácia,0.4825396825396826
Matriz de Confusão,"[[10  1  3]
 [ 6  6  6]
 [ 7  2  6]]"
Relatório de Classificação,"{'-1.0': {'precision': 0.43478260869565216, 'recall': 0.7142857142857143, 'f1-score': 0.5405405405405405, 'support': 14}, '0.0': {'precision': 0.6666666666666666, 'recall': 0.3333333333333333, 'f1-score': 0.4444444444444444, 'support': 18}, '1.0': {'precision': 0.4, 'recall': 0.4, 'f1-score': 0.4000000000000001, 'support': 15}, 'accuracy': 0.46808510638297873, 'macro avg': {'precision': 0.5004830917874395, 'recall': 0.4825396825396826, 'f1-score': 0.4616616616616616, 'support': 47}, 'weighted avg': {'precision': 0.5124884366327475, 'recall': 0.46808510638297873, 'f1-score': 0.45888441633122484, 'support': 47}}"
Sensibilidade,0.46808510638297873
Especificidade,0.9090909090909091
