Métrica,Valor
Acurácia,0.43975468975468973
Matriz de Confusão,"[[12  2  8]
 [ 2  1  1]
 [ 9  1 11]]"
Relatório de Classificação,"{'-1.0': {'precision': 0.5217391304347826, 'recall': 0.5454545454545454, 'f1-score': 0.5333333333333332, 'support': 22}, '0.0': {'precision': 0.25, 'recall': 0.25, 'f1-score': 0.25, 'support': 4}, '1.0': {'precision': 0.55, 'recall': 0.5238095238095238, 'f1-score': 0.5365853658536585, 'support': 21}, 'accuracy': 0.5106382978723404, 'macro avg': {'precision': 0.4405797101449275, 'recall': 0.43975468975468973, 'f1-score': 0.4399728997289973, 'support': 47}, 'weighted avg': {'precision': 0.5112395929694726, 'recall': 0.5106382978723404, 'f1-score': 0.5106728939629821, 'support': 47}}"
Sensibilidade,0.5106382978723404
Especificidade,0.8571428571428571
