Métrica,Valor
Acurácia,0.4504385964912281
Matriz de Confusão,"[[ 9  3  8]
 [ 3  3  2]
 [ 5  4 10]]"
Relatório de Classificação,"{'-1.0': {'precision': 0.5294117647058824, 'recall': 0.45, 'f1-score': 0.48648648648648646, 'support': 20}, '0.0': {'precision': 0.3, 'recall': 0.375, 'f1-score': 0.33333333333333326, 'support': 8}, '1.0': {'precision': 0.5, 'recall': 0.5263157894736842, 'f1-score': 0.5128205128205129, 'support': 19}, 'accuracy': 0.46808510638297873, 'macro avg': {'precision': 0.44313725490196076, 'recall': 0.4504385964912281, 'f1-score': 0.4442134442134442, 'support': 47}, 'weighted avg': {'precision': 0.47847309136420524, 'recall': 0.46808510638297873, 'f1-score': 0.4710635348933222, 'support': 47}}"
Sensibilidade,0.46808510638297873
Especificidade,0.75
