Métrica,Valor
Acurácia Média,0.39348515496102393
Sensibilidade Média,0.4376068376068376
Especificidade Média,0.6785310968568887
