Métrica,Valor
Acurácia,0.26601307189542484
Matriz de Confusão,"[[ 2  0  4]
 [14  9 11]
 [ 2  2  1]]"
Relatório de Classificação,"{'-1.0': {'precision': 0.1111111111111111, 'recall': 0.3333333333333333, 'f1-score': 0.16666666666666666, 'support': 6}, '0.0': {'precision': 0.8181818181818182, 'recall': 0.2647058823529412, 'f1-score': 0.39999999999999997, 'support': 34}, '1.0': {'precision': 0.0625, 'recall': 0.2, 'f1-score': 0.09523809523809523, 'support': 5}, 'accuracy': 0.26666666666666666, 'macro avg': {'precision': 0.3305976430976431, 'recall': 0.26601307189542484, 'f1-score': 0.22063492063492063, 'support': 45}, 'weighted avg': {'precision': 0.6399410774410775, 'recall': 0.26666666666666666, 'f1-score': 0.335026455026455, 'support': 45}}"
Sensibilidade,0.26666666666666666
Especificidade,1.0
