Métrica,Valor
Acurácia,0.44999999999999996
Matriz de Confusão,"[[14  3  3]
 [ 2  1  2]
 [ 7  4  9]]"
Relatório de Classificação,"{'-1.0': {'precision': 0.6086956521739131, 'recall': 0.7, 'f1-score': 0.6511627906976744, 'support': 20}, '0.0': {'precision': 0.125, 'recall': 0.2, 'f1-score': 0.15384615384615385, 'support': 5}, '1.0': {'precision': 0.6428571428571429, 'recall': 0.45, 'f1-score': 0.5294117647058824, 'support': 20}, 'accuracy': 0.5333333333333333, 'macro avg': {'precision': 0.4588509316770186, 'recall': 0.44999999999999996, 'f1-score': 0.4448069030832369, 'support': 45}, 'weighted avg': {'precision': 0.5701345755693582, 'recall': 0.5333333333333333, 'f1-score': 0.5417938194955978, 'support': 45}}"
Sensibilidade,0.5333333333333333
Especificidade,0.8235294117647058
