Métrica,Valor
Acurácia,0.4277360066833751
Matriz de Confusão,"[[2 6 4]
 [4 9 6]
 [3 2 9]]"
Relatório de Classificação,"{'-1.0': {'precision': 0.2222222222222222, 'recall': 0.16666666666666666, 'f1-score': 0.1904761904761905, 'support': 12}, '0.0': {'precision': 0.5294117647058824, 'recall': 0.47368421052631576, 'f1-score': 0.5, 'support': 19}, '1.0': {'precision': 0.47368421052631576, 'recall': 0.6428571428571429, 'f1-score': 0.5454545454545454, 'support': 14}, 'accuracy': 0.4444444444444444, 'macro avg': {'precision': 0.4084393991514734, 'recall': 0.4277360066833751, 'f1-score': 0.41197691197691194, 'support': 45}, 'weighted avg': {'precision': 0.4301570920765967, 'recall': 0.4444444444444444, 'f1-score': 0.4316017316017316, 'support': 45}}"
Sensibilidade,0.4444444444444444
Especificidade,0.25
