Métrica,Valor
Acurácia,0.4753898635477583
Matriz de Confusão,"[[11  4  4]
 [ 4  1  3]
 [ 3  2 13]]"
Relatório de Classificação,"{'-1.0': {'precision': 0.6111111111111112, 'recall': 0.5789473684210527, 'f1-score': 0.5945945945945946, 'support': 19}, '0.0': {'precision': 0.14285714285714285, 'recall': 0.125, 'f1-score': 0.13333333333333333, 'support': 8}, '1.0': {'precision': 0.65, 'recall': 0.7222222222222222, 'f1-score': 0.6842105263157895, 'support': 18}, 'accuracy': 0.5555555555555556, 'macro avg': {'precision': 0.46798941798941796, 'recall': 0.4753898635477583, 'f1-score': 0.47071281808123916, 'support': 45}, 'weighted avg': {'precision': 0.5434215167548502, 'recall': 0.5555555555555556, 'f1-score': 0.5484389652810705, 'support': 45}}"
Sensibilidade,0.5555555555555556
Especificidade,0.7333333333333333
