Métrica,Valor
Acurácia Média,0.8501506845341685
Sensibilidade Média,0.9334319526627218
Especificidade Média,0.8416491841491841
