Métrica,Valor
Acurácia,0.8333333333333333
Matriz de Confusão,"[[34 17]
 [ 0  1]]"
Relatório de Classificação,"{'0': {'precision': 1.0, 'recall': 0.6666666666666666, 'f1-score': 0.8, 'support': 51}, '1': {'precision': 0.05555555555555555, 'recall': 1.0, 'f1-score': 0.10526315789473684, 'support': 1}, 'accuracy': 0.6730769230769231, 'macro avg': {'precision': 0.5277777777777778, 'recall': 0.8333333333333333, 'f1-score': 0.45263157894736844, 'support': 52}, 'weighted avg': {'precision': 0.9818376068376069, 'recall': 0.6730769230769231, 'f1-score': 0.7866396761133605, 'support': 52}}"
Sensibilidade,0.6730769230769231
Especificidade,0.6666666666666666
