Métrica,Valor
Acurácia Média,0.8709417363263517
Sensibilidade Média,0.9684065934065935
Especificidade Média,0.8971032528724836
