Métrica,Valor
Acurácia Média,0.4728120521661617
Sensibilidade Média,0.5113960113960114
Especificidade Média,0.7431569978009607
