Métrica,Valor
Acurácia,0.5411111111111112
Matriz de Confusão,"[[11  6  8]
 [ 0  3  2]
 [ 9  1 14]]"
Relatório de Classificação,"{'-1.0': {'precision': 0.55, 'recall': 0.44, 'f1-score': 0.48888888888888893, 'support': 25}, '0.0': {'precision': 0.3, 'recall': 0.6, 'f1-score': 0.4, 'support': 5}, '1.0': {'precision': 0.5833333333333334, 'recall': 0.5833333333333334, 'f1-score': 0.5833333333333334, 'support': 24}, 'accuracy': 0.5185185185185185, 'macro avg': {'precision': 0.47777777777777786, 'recall': 0.5411111111111112, 'f1-score': 0.49074074074074076, 'support': 54}, 'weighted avg': {'precision': 0.5416666666666666, 'recall': 0.5185185185185185, 'f1-score': 0.522633744855967, 'support': 54}}"
Sensibilidade,0.5185185185185185
Especificidade,0.6470588235294118
