Métrica,Valor
Acurácia,0.6185111989459816
Matriz de Confusão,"[[13  1  6]
 [ 3  8  0]
 [ 9  3 11]]"
Relatório de Classificação,"{'-1.0': {'precision': 0.52, 'recall': 0.65, 'f1-score': 0.5777777777777778, 'support': 20}, '0.0': {'precision': 0.6666666666666666, 'recall': 0.7272727272727273, 'f1-score': 0.6956521739130435, 'support': 11}, '1.0': {'precision': 0.6470588235294118, 'recall': 0.4782608695652174, 'f1-score': 0.55, 'support': 23}, 'accuracy': 0.5925925925925926, 'macro avg': {'precision': 0.6112418300653594, 'recall': 0.6185111989459816, 'f1-score': 0.6078099838969405, 'support': 54}, 'weighted avg': {'precision': 0.6039941902687, 'recall': 0.5925925925925926, 'f1-score': 0.5899579531222043, 'support': 54}}"
Sensibilidade,0.5925925925925926
Especificidade,0.9285714285714286
