Métrica,Valor
Acurácia,0.36562203228869894
Matriz de Confusão,"[[13  6  8]
 [ 0  0  1]
 [ 6  4 16]]"
Relatório de Classificação,"{'-1.0': {'precision': 0.6842105263157895, 'recall': 0.48148148148148145, 'f1-score': 0.5652173913043478, 'support': 27}, '0.0': {'precision': 0.0, 'recall': 0.0, 'f1-score': 0.0, 'support': 1}, '1.0': {'precision': 0.64, 'recall': 0.6153846153846154, 'f1-score': 0.6274509803921569, 'support': 26}, 'accuracy': 0.5370370370370371, 'macro avg': {'precision': 0.44140350877192985, 'recall': 0.36562203228869894, 'f1-score': 0.3975561238988348, 'support': 54}, 'weighted avg': {'precision': 0.6502534113060429, 'recall': 0.5370370370370371, 'f1-score': 0.5847147232483976, 'support': 54}}"
Sensibilidade,0.5370370370370371
Especificidade,0.6842105263157895
