Métrica,Valor
Acurácia,0.6393162393162393
Matriz de Confusão,"[[ 8  2  5]
 [ 2 22  2]
 [ 4  2  7]]"
Relatório de Classificação,"{'-1.0': {'precision': 0.5714285714285714, 'recall': 0.5333333333333333, 'f1-score': 0.5517241379310344, 'support': 15}, '0.0': {'precision': 0.8461538461538461, 'recall': 0.8461538461538461, 'f1-score': 0.8461538461538461, 'support': 26}, '1.0': {'precision': 0.5, 'recall': 0.5384615384615384, 'f1-score': 0.5185185185185186, 'support': 13}, 'accuracy': 0.6851851851851852, 'macro avg': {'precision': 0.6391941391941391, 'recall': 0.6393162393162393, 'f1-score': 0.638798834201133, 'support': 54}, 'weighted avg': {'precision': 0.6865079365079365, 'recall': 0.6851851851851852, 'f1-score': 0.6854926446241899, 'support': 54}}"
Sensibilidade,0.6851851851851852
Especificidade,0.8
