Métrica,Valor
Acurácia,0.45986698773076484
Matriz de Confusão,"[[ 7  5  5]
 [ 6 11  2]
 [ 5  6  7]]"
Relatório de Classificação,"{'-1.0': {'precision': 0.3888888888888889, 'recall': 0.4117647058823529, 'f1-score': 0.39999999999999997, 'support': 17}, '0.0': {'precision': 0.5, 'recall': 0.5789473684210527, 'f1-score': 0.5365853658536586, 'support': 19}, '1.0': {'precision': 0.5, 'recall': 0.3888888888888889, 'f1-score': 0.43750000000000006, 'support': 18}, 'accuracy': 0.46296296296296297, 'macro avg': {'precision': 0.46296296296296297, 'recall': 0.45986698773076484, 'f1-score': 0.4580284552845528, 'support': 54}, 'weighted avg': {'precision': 0.46502057613168724, 'recall': 0.46296296296296297, 'f1-score': 0.4605578139114725, 'support': 54}}"
Sensibilidade,0.46296296296296297
Especificidade,0.5833333333333334
