Métrica,Valor
Acurácia,0.45396825396825397
Matriz de Confusão,"[[ 3  0  2]
 [15 14 13]
 [ 3  1  3]]"
Relatório de Classificação,"{'-1.0': {'precision': 0.14285714285714285, 'recall': 0.6, 'f1-score': 0.23076923076923073, 'support': 5}, '0.0': {'precision': 0.9333333333333333, 'recall': 0.3333333333333333, 'f1-score': 0.4912280701754386, 'support': 42}, '1.0': {'precision': 0.16666666666666666, 'recall': 0.42857142857142855, 'f1-score': 0.24, 'support': 7}, 'accuracy': 0.37037037037037035, 'macro avg': {'precision': 0.4142857142857143, 'recall': 0.45396825396825397, 'f1-score': 0.32066576698155647, 'support': 54}, 'weighted avg': {'precision': 0.7607583774250442, 'recall': 0.37037037037037035, 'f1-score': 0.4345449092817514, 'support': 54}}"
Sensibilidade,0.37037037037037035
Especificidade,1.0
