Métrica,Valor
Acurácia,0.2708159287106655
Matriz de Confusão,"[[ 2  5  2]
 [11 17 10]
 [ 1  5  1]]"
Relatório de Classificação,"{'-1.0': {'precision': 0.14285714285714285, 'recall': 0.2222222222222222, 'f1-score': 0.17391304347826086, 'support': 9}, '0.0': {'precision': 0.6296296296296297, 'recall': 0.4473684210526316, 'f1-score': 0.5230769230769231, 'support': 38}, '1.0': {'precision': 0.07692307692307693, 'recall': 0.14285714285714285, 'f1-score': 0.1, 'support': 7}, 'accuracy': 0.37037037037037035, 'macro avg': {'precision': 0.2831366164699498, 'recall': 0.2708159287106655, 'f1-score': 0.26566332218506133, 'support': 54}, 'weighted avg': {'precision': 0.4768537361129954, 'recall': 0.37037037037037035, 'f1-score': 0.4100396383005079, 'support': 54}}"
Sensibilidade,0.37037037037037035
Especificidade,0.2857142857142857
