Métrica,Valor
Acurácia Média,0.4801791896042217
Sensibilidade Média,0.5082417582417582
Especificidade Média,0.8051817278537925
