Métrica,Valor
Acurácia,0.6034798534798536
Matriz de Confusão,"[[ 4  2 10]
 [ 2 22  2]
 [ 3  1 10]]"
Relatório de Classificação,"{'-1.0': {'precision': 0.4444444444444444, 'recall': 0.25, 'f1-score': 0.32, 'support': 16}, '0.0': {'precision': 0.88, 'recall': 0.8461538461538461, 'f1-score': 0.8627450980392156, 'support': 26}, '1.0': {'precision': 0.45454545454545453, 'recall': 0.7142857142857143, 'f1-score': 0.5555555555555556, 'support': 14}, 'accuracy': 0.6428571428571429, 'macro avg': {'precision': 0.5929966329966331, 'recall': 0.6034798534798536, 'f1-score': 0.579433551198257, 'support': 56}, 'weighted avg': {'precision': 0.6491919191919191, 'recall': 0.6428571428571429, 'f1-score': 0.6308776844070962, 'support': 56}}"
Sensibilidade,0.6428571428571429
Especificidade,0.6666666666666666
