Métrica,Valor
Acurácia,0.426109391124871
Matriz de Confusão,"[[13  1  5]
 [ 7  5  5]
 [11  3  6]]"
Relatório de Classificação,"{'-1.0': {'precision': 0.41935483870967744, 'recall': 0.6842105263157895, 'f1-score': 0.5200000000000001, 'support': 19}, '0.0': {'precision': 0.5555555555555556, 'recall': 0.29411764705882354, 'f1-score': 0.3846153846153846, 'support': 17}, '1.0': {'precision': 0.375, 'recall': 0.3, 'f1-score': 0.33333333333333326, 'support': 20}, 'accuracy': 0.42857142857142855, 'macro avg': {'precision': 0.44997013142174436, 'recall': 0.426109391124871, 'f1-score': 0.4126495726495727, 'support': 56}, 'weighted avg': {'precision': 0.4448604710701485, 'recall': 0.42857142857142855, 'f1-score': 0.4122344322344323, 'support': 56}}"
Sensibilidade,0.42857142857142855
Especificidade,0.9285714285714286
