Métrica,Valor
Acurácia,0.35052910052910047
Matriz de Confusão,"[[17  3  8]
 [ 1  0  0]
 [ 9  6 12]]"
Relatório de Classificação,"{'-1.0': {'precision': 0.6296296296296297, 'recall': 0.6071428571428571, 'f1-score': 0.6181818181818182, 'support': 28}, '0.0': {'precision': 0.0, 'recall': 0.0, 'f1-score': 0.0, 'support': 1}, '1.0': {'precision': 0.6, 'recall': 0.4444444444444444, 'f1-score': 0.5106382978723405, 'support': 27}, 'accuracy': 0.5178571428571429, 'macro avg': {'precision': 0.40987654320987654, 'recall': 0.35052910052910047, 'f1-score': 0.3762733720180529, 'support': 56}, 'weighted avg': {'precision': 0.6041005291005291, 'recall': 0.5178571428571429, 'f1-score': 0.5552915169936447, 'support': 56}}"
Sensibilidade,0.5178571428571429
Especificidade,0.85
