Métrica,Valor
Acurácia,0.6072124756335283
Matriz de Confusão,"[[11  1  6]
 [ 5  8  6]
 [ 3  1 15]]"
Relatório de Classificação,"{'-1.0': {'precision': 0.5789473684210527, 'recall': 0.6111111111111112, 'f1-score': 0.5945945945945946, 'support': 18}, '0.0': {'precision': 0.8, 'recall': 0.42105263157894735, 'f1-score': 0.5517241379310345, 'support': 19}, '1.0': {'precision': 0.5555555555555556, 'recall': 0.7894736842105263, 'f1-score': 0.6521739130434783, 'support': 19}, 'accuracy': 0.6071428571428571, 'macro avg': {'precision': 0.6448343079922028, 'recall': 0.6072124756335283, 'f1-score': 0.5994975485230357, 'support': 56}, 'weighted avg': {'precision': 0.6460108604845447, 'recall': 0.6071428571428571, 'f1-score': 0.599585101271758, 'support': 56}}"
Sensibilidade,0.6071428571428571
Especificidade,0.9166666666666666
