Métrica,Valor
Acurácia,0.32163009404388715
Matriz de Confusão,"[[10  1 11]
 [ 4  1  0]
 [15  5  9]]"
Relatório de Classificação,"{'-1.0': {'precision': 0.3448275862068966, 'recall': 0.45454545454545453, 'f1-score': 0.39215686274509803, 'support': 22}, '0.0': {'precision': 0.14285714285714285, 'recall': 0.2, 'f1-score': 0.16666666666666666, 'support': 5}, '1.0': {'precision': 0.45, 'recall': 0.3103448275862069, 'f1-score': 0.3673469387755102, 'support': 29}, 'accuracy': 0.35714285714285715, 'macro avg': {'precision': 0.3125615763546798, 'recall': 0.32163009404388715, 'f1-score': 0.3087234893957583, 'support': 56}, 'weighted avg': {'precision': 0.3812587966220971, 'recall': 0.35714285714285715, 'f1-score': 0.3591758131824158, 'support': 56}}"
Sensibilidade,0.35714285714285715
Especificidade,0.9090909090909091
