Métrica,Valor
Acurácia,0.599031007751938
Matriz de Confusão,"[[ 4  1  0]
 [15 16 12]
 [ 3  0  5]]"
Relatório de Classificação,"{'-1.0': {'precision': 0.18181818181818182, 'recall': 0.8, 'f1-score': 0.2962962962962963, 'support': 5}, '0.0': {'precision': 0.9411764705882353, 'recall': 0.37209302325581395, 'f1-score': 0.5333333333333333, 'support': 43}, '1.0': {'precision': 0.29411764705882354, 'recall': 0.625, 'f1-score': 0.4, 'support': 8}, 'accuracy': 0.44642857142857145, 'macro avg': {'precision': 0.4723707664884136, 'recall': 0.599031007751938, 'f1-score': 0.40987654320987654, 'support': 56}, 'weighted avg': {'precision': 0.7809396485867073, 'recall': 0.44642857142857145, 'f1-score': 0.4931216931216931, 'support': 56}}"
Sensibilidade,0.44642857142857145
Especificidade,0.8
