Métrica,Valor
Acurácia,0.5740740740740741
Matriz de Confusão,"[[13  1  4]
 [ 9  8  2]
 [ 6  2 11]]"
Relatório de Classificação,"{'-1.0': {'precision': 0.4642857142857143, 'recall': 0.7222222222222222, 'f1-score': 0.5652173913043479, 'support': 18}, '0.0': {'precision': 0.7272727272727273, 'recall': 0.42105263157894735, 'f1-score': 0.5333333333333333, 'support': 19}, '1.0': {'precision': 0.6470588235294118, 'recall': 0.5789473684210527, 'f1-score': 0.6111111111111113, 'support': 19}, 'accuracy': 0.5714285714285714, 'macro avg': {'precision': 0.612872421695951, 'recall': 0.5740740740740741, 'f1-score': 0.5698872785829309, 'support': 56}, 'weighted avg': {'precision': 0.6155257557568482, 'recall': 0.5714285714285714, 'f1-score': 0.5699706694271912, 'support': 56}}"
Sensibilidade,0.5714285714285714
Especificidade,0.9285714285714286
