Métrica,Valor
Acurácia Média,0.7926250767865675
Sensibilidade Média,0.9584615384615385
Especificidade Média,0.8929424612654426
