Métrica,Valor
Acurácia Média,0.8330662393162392
Sensibilidade Média,0.9638932496075352
Especificidade Média,0.8969017094017093
