Métrica,Valor
Acurácia,0.4444444444444444
Matriz de Confusão,"[[40  5]
 [ 4  0]]"
Relatório de Classificação,"{'0': {'precision': 0.9090909090909091, 'recall': 0.8888888888888888, 'f1-score': 0.8988764044943819, 'support': 45}, '1': {'precision': 0.0, 'recall': 0.0, 'f1-score': 0.0, 'support': 4}, 'accuracy': 0.8163265306122449, 'macro avg': {'precision': 0.45454545454545453, 'recall': 0.4444444444444444, 'f1-score': 0.44943820224719094, 'support': 49}, 'weighted avg': {'precision': 0.8348794063079776, 'recall': 0.8163265306122449, 'f1-score': 0.8254987388213711, 'support': 49}}"
Sensibilidade,0.8163265306122449
Especificidade,0.8888888888888888
