Métrica,Valor
Acurácia,0.8854166666666667
Matriz de Confusão,"[[37 11]
 [ 0  1]]"
Relatório de Classificação,"{'0': {'precision': 1.0, 'recall': 0.7708333333333334, 'f1-score': 0.8705882352941177, 'support': 48}, '1': {'precision': 0.08333333333333333, 'recall': 1.0, 'f1-score': 0.15384615384615385, 'support': 1}, 'accuracy': 0.7755102040816326, 'macro avg': {'precision': 0.5416666666666666, 'recall': 0.8854166666666667, 'f1-score': 0.5122171945701357, 'support': 49}, 'weighted avg': {'precision': 0.9812925170068028, 'recall': 0.7755102040816326, 'f1-score': 0.8559608458768123, 'support': 49}}"
Sensibilidade,0.7755102040816326
Especificidade,0.7708333333333334
