Métrica,Valor
Acurácia Média,0.7874236874236875
Sensibilidade Média,0.9481605351170568
Especificidade Média,0.8825396825396825
