Métrica,Valor
Acurácia,0.38095238095238093
Matriz de Confusão,"[[32 10]
 [ 4  0]]"
Relatório de Classificação,"{'0': {'precision': 0.8888888888888888, 'recall': 0.7619047619047619, 'f1-score': 0.8205128205128205, 'support': 42}, '1': {'precision': 0.0, 'recall': 0.0, 'f1-score': 0.0, 'support': 4}, 'accuracy': 0.6956521739130435, 'macro avg': {'precision': 0.4444444444444444, 'recall': 0.38095238095238093, 'f1-score': 0.41025641025641024, 'support': 46}, 'weighted avg': {'precision': 0.8115942028985507, 'recall': 0.6956521739130435, 'f1-score': 0.7491638795986622, 'support': 46}}"
Sensibilidade,0.6956521739130435
Especificidade,0.7619047619047619
