Métrica,Valor
Acurácia Média,0.39800606139447164
Sensibilidade Média,0.44481605351170567
Especificidade Média,0.7112734487734489
