Métrica,Valor
Acurácia,0.4142300194931774
Matriz de Confusão,"[[12  3  4]
 [ 5  2  2]
 [ 8  3  7]]"
Relatório de Classificação,"{'-1.0': {'precision': 0.48, 'recall': 0.631578947368421, 'f1-score': 0.5454545454545454, 'support': 19}, '0.0': {'precision': 0.25, 'recall': 0.2222222222222222, 'f1-score': 0.23529411764705882, 'support': 9}, '1.0': {'precision': 0.5384615384615384, 'recall': 0.3888888888888889, 'f1-score': 0.45161290322580644, 'support': 18}, 'accuracy': 0.45652173913043476, 'macro avg': {'precision': 0.42282051282051275, 'recall': 0.4142300194931774, 'f1-score': 0.4107871887758036, 'support': 46}, 'weighted avg': {'precision': 0.45787625418060196, 'recall': 0.45652173913043476, 'f1-score': 0.4480503408809654, 'support': 46}}"
Sensibilidade,0.45652173913043476
Especificidade,0.8
