Métrica,Valor
Acurácia,0.3524027459954233
Matriz de Confusão,"[[11  3  9]
 [ 1  0  3]
 [ 7  1 11]]"
Relatório de Classificação,"{'-1.0': {'precision': 0.5789473684210527, 'recall': 0.4782608695652174, 'f1-score': 0.5238095238095238, 'support': 23}, '0.0': {'precision': 0.0, 'recall': 0.0, 'f1-score': 0.0, 'support': 4}, '1.0': {'precision': 0.4782608695652174, 'recall': 0.5789473684210527, 'f1-score': 0.5238095238095238, 'support': 19}, 'accuracy': 0.4782608695652174, 'macro avg': {'precision': 0.3524027459954233, 'recall': 0.3524027459954233, 'f1-score': 0.34920634920634924, 'support': 46}, 'weighted avg': {'precision': 0.48701621729181177, 'recall': 0.4782608695652174, 'f1-score': 0.4782608695652174, 'support': 46}}"
Sensibilidade,0.4782608695652174
Especificidade,0.7857142857142857
