Métrica,Valor
Acurácia,0.5051892551892552
Matriz de Confusão,"[[ 5  1  6]
 [ 3 15  3]
 [ 7  1  5]]"
Relatório de Classificação,"{'-1.0': {'precision': 0.3333333333333333, 'recall': 0.4166666666666667, 'f1-score': 0.3703703703703704, 'support': 12}, '0.0': {'precision': 0.8823529411764706, 'recall': 0.7142857142857143, 'f1-score': 0.7894736842105262, 'support': 21}, '1.0': {'precision': 0.35714285714285715, 'recall': 0.38461538461538464, 'f1-score': 0.3703703703703704, 'support': 13}, 'accuracy': 0.5434782608695652, 'macro avg': {'precision': 0.5242763772175537, 'recall': 0.5051892551892552, 'f1-score': 0.5100714749837557, 'support': 46}, 'weighted avg': {'precision': 0.5907014979905005, 'recall': 0.5434782608695652, 'f1-score': 0.5617001440800068, 'support': 46}}"
Sensibilidade,0.5434782608695652
Especificidade,0.8333333333333334
