Métrica,Valor
Acurácia,0.4666666666666666
Matriz de Confusão,"[[13  3  4]
 [ 1  1  2]
 [ 4  7 11]]"
Relatório de Classificação,"{'-1.0': {'precision': 0.7222222222222222, 'recall': 0.65, 'f1-score': 0.6842105263157895, 'support': 20}, '0.0': {'precision': 0.09090909090909091, 'recall': 0.25, 'f1-score': 0.13333333333333333, 'support': 4}, '1.0': {'precision': 0.6470588235294118, 'recall': 0.5, 'f1-score': 0.5641025641025642, 'support': 22}, 'accuracy': 0.5434782608695652, 'macro avg': {'precision': 0.48673004555357496, 'recall': 0.4666666666666666, 'f1-score': 0.460548807917229, 'support': 46}, 'weighted avg': {'precision': 0.6313777157766928, 'recall': 0.5434782608695652, 'f1-score': 0.578865223258816, 'support': 46}}"
Sensibilidade,0.5434782608695652
Especificidade,0.8125
