Métrica,Valor
Acurácia Média,0.4854656033754231
Sensibilidade Média,0.4955621301775148
Especificidade Média,0.7570281214511984
