Métrica,Valor
Acurácia,0.45581785345717235
Matriz de Confusão,"[[ 9  1  6]
 [14  3  2]
 [ 4  2 11]]"
Relatório de Classificação,"{'-1.0': {'precision': 0.3333333333333333, 'recall': 0.5625, 'f1-score': 0.4186046511627907, 'support': 16}, '0.0': {'precision': 0.5, 'recall': 0.15789473684210525, 'f1-score': 0.23999999999999996, 'support': 19}, '1.0': {'precision': 0.5789473684210527, 'recall': 0.6470588235294118, 'f1-score': 0.6111111111111113, 'support': 17}, 'accuracy': 0.4423076923076923, 'macro avg': {'precision': 0.47076023391812866, 'recall': 0.45581785345717235, 'f1-score': 0.423238587424634, 'support': 52}, 'weighted avg': {'precision': 0.47452766531713897, 'recall': 0.4423076923076923, 'f1-score': 0.41628006360564507, 'support': 52}}"
Sensibilidade,0.4423076923076923
Especificidade,0.9
