Métrica,Valor
Acurácia,0.40277777777777773
Matriz de Confusão,"[[18  3  6]
 [ 1  0  0]
 [ 8  3 13]]"
Relatório de Classificação,"{'-1.0': {'precision': 0.6666666666666666, 'recall': 0.6666666666666666, 'f1-score': 0.6666666666666666, 'support': 27}, '0.0': {'precision': 0.0, 'recall': 0.0, 'f1-score': 0.0, 'support': 1}, '1.0': {'precision': 0.6842105263157895, 'recall': 0.5416666666666666, 'f1-score': 0.6046511627906976, 'support': 24}, 'accuracy': 0.5961538461538461, 'macro avg': {'precision': 0.4502923976608187, 'recall': 0.40277777777777773, 'f1-score': 0.42377260981912146, 'support': 52}, 'weighted avg': {'precision': 0.6619433198380567, 'recall': 0.5961538461538461, 'f1-score': 0.6252236135957066, 'support': 52}}"
Sensibilidade,0.5961538461538461
Especificidade,0.8571428571428571
