Métrica,Valor
Acurácia,0.5830280830280831
Matriz de Confusão,"[[ 6  2  6]
 [ 7 17  2]
 [ 3  1  8]]"
Relatório de Classificação,"{'-1.0': {'precision': 0.375, 'recall': 0.42857142857142855, 'f1-score': 0.39999999999999997, 'support': 14}, '0.0': {'precision': 0.85, 'recall': 0.6538461538461539, 'f1-score': 0.7391304347826088, 'support': 26}, '1.0': {'precision': 0.5, 'recall': 0.6666666666666666, 'f1-score': 0.5714285714285715, 'support': 12}, 'accuracy': 0.5961538461538461, 'macro avg': {'precision': 0.5750000000000001, 'recall': 0.5830280830280831, 'f1-score': 0.5701863354037268, 'support': 52}, 'weighted avg': {'precision': 0.6413461538461538, 'recall': 0.5961538461538461, 'f1-score': 0.609125656951744, 'support': 52}}"
Sensibilidade,0.5961538461538461
Especificidade,0.75
