Métrica,Valor
Acurácia,0.6095679012345678
Matriz de Confusão,"[[10  8  9]
 [ 0  1  0]
 [ 6  7 11]]"
Relatório de Classificação,"{'-1.0': {'precision': 0.625, 'recall': 0.37037037037037035, 'f1-score': 0.4651162790697674, 'support': 27}, '0.0': {'precision': 0.0625, 'recall': 1.0, 'f1-score': 0.11764705882352941, 'support': 1}, '1.0': {'precision': 0.55, 'recall': 0.4583333333333333, 'f1-score': 0.5, 'support': 24}, 'accuracy': 0.4230769230769231, 'macro avg': {'precision': 0.41250000000000003, 'recall': 0.6095679012345678, 'f1-score': 0.36092111263109894, 'support': 52}, 'weighted avg': {'precision': 0.5795673076923078, 'recall': 0.4230769230769231, 'f1-score': 0.4745343575712932, 'support': 52}}"
Sensibilidade,0.4230769230769231
Especificidade,0.5555555555555556
