Métrica,Valor
Acurácia,0.5311004784688995
Matriz de Confusão,"[[13  3  3]
 [ 3  3  5]
 [ 5  3 14]]"
Relatório de Classificação,"{'-1.0': {'precision': 0.6190476190476191, 'recall': 0.6842105263157895, 'f1-score': 0.6500000000000001, 'support': 19}, '0.0': {'precision': 0.3333333333333333, 'recall': 0.2727272727272727, 'f1-score': 0.3, 'support': 11}, '1.0': {'precision': 0.6363636363636364, 'recall': 0.6363636363636364, 'f1-score': 0.6363636363636364, 'support': 22}, 'accuracy': 0.5769230769230769, 'macro avg': {'precision': 0.5295815295815296, 'recall': 0.5311004784688995, 'f1-score': 0.5287878787878788, 'support': 52}, 'weighted avg': {'precision': 0.5659340659340659, 'recall': 0.5769230769230769, 'f1-score': 0.5701923076923078, 'support': 52}}"
Sensibilidade,0.5769230769230769
Especificidade,0.8125
