Métrica,Valor
Acurácia,0.5345238095238095
Matriz de Confusão,"[[ 4  0  1]
 [15 15 10]
 [ 3  1  3]]"
Relatório de Classificação,"{'-1.0': {'precision': 0.18181818181818182, 'recall': 0.8, 'f1-score': 0.2962962962962963, 'support': 5}, '0.0': {'precision': 0.9375, 'recall': 0.375, 'f1-score': 0.5357142857142857, 'support': 40}, '1.0': {'precision': 0.21428571428571427, 'recall': 0.42857142857142855, 'f1-score': 0.2857142857142857, 'support': 7}, 'accuracy': 0.4230769230769231, 'macro avg': {'precision': 0.444534632034632, 'recall': 0.5345238095238095, 'f1-score': 0.3725749559082892, 'support': 52}, 'weighted avg': {'precision': 0.7674825174825174, 'recall': 0.4230769230769231, 'f1-score': 0.479039479039479, 'support': 52}}"
Sensibilidade,0.4230769230769231
Especificidade,1.0
