Métrica,Valor
Acurácia Média,0.7947416059118187
Sensibilidade Média,0.9150641025641026
Especificidade Média,0.8459616624510242
