{"outlier": {"dbscan": 0.9883720930232558, "iqr": 0.9418604651162791, "isolation_forest": 0.9418604651162791}, "missing": {"missforest": 1.7852481931404136, "knn": 1.802390388098847, "mean": 1.8250169540375603, "arima": 2.1764240528763796}}