{"outlier": {"iqr": 0.9305555555555556, "dbscan": 0.9305555555555556, "isolation_forest": 0.9444444444444444}, "missing": {"mean": 1.2611240601079108, "arima": 1.2950148033632933, "knn": 1.4033770694340608, "missforest": 1.6508362896752942, "mice": 1.4917329532734784}}