{"outlier": {"iqr": 0.8809523809523809, "dbscan": 0.9523809523809523, "isolation_forest": 0.8928571428571428}, "missing": {"mean": 4.138678615332519, "arima": 4.229859866711555, "knn": 4.068418852164959, "missforest": 4.254394709485971}}