{"outlier": {"isolation_forest": 0.986842105263158, "dbscan": 0.9736842105263158, "iqr": 0.8815789473684211}, "missing": {"missforest": 0.3999003408128354, "arima": 0.4643276354994871, "knn": 0.500489802112779, "mean": 0.5505750497340215}}