Métrica,Valor
Acurácia Média,0.41507970344981227
Sensibilidade Média,0.4752136752136752
Especificidade Média,0.965034965034965
