Métrica,Valor
Acurácia,0.4875816993464053
Matriz de Confusão,"[[14  0  1]
 [11  0  2]
 [ 8  0  9]]"
Relatório de Classificação,"{'-1.0': {'precision': 0.42424242424242425, 'recall': 0.9333333333333333, 'f1-score': 0.5833333333333333, 'support': 15}, '0.0': {'precision': 0.0, 'recall': 0.0, 'f1-score': 0.0, 'support': 13}, '1.0': {'precision': 0.75, 'recall': 0.5294117647058824, 'f1-score': 0.6206896551724139, 'support': 17}, 'accuracy': 0.5111111111111111, 'macro avg': {'precision': 0.39141414141414144, 'recall': 0.4875816993464053, 'f1-score': 0.4013409961685824, 'support': 45}, 'weighted avg': {'precision': 0.42474747474747476, 'recall': 0.5111111111111111, 'f1-score': 0.4289272030651341, 'support': 45}}"
Sensibilidade,0.5111111111111111
Especificidade,1.0
