Métrica,Valor
Acurácia,0.3956043956043956
Matriz de Confusão,"[[8 0 5]
 [9 0 9]
 [6 0 8]]"
Relatório de Classificação,"{'-1.0': {'precision': 0.34782608695652173, 'recall': 0.6153846153846154, 'f1-score': 0.4444444444444444, 'support': 13}, '0.0': {'precision': 0.0, 'recall': 0.0, 'f1-score': 0.0, 'support': 18}, '1.0': {'precision': 0.36363636363636365, 'recall': 0.5714285714285714, 'f1-score': 0.4444444444444444, 'support': 14}, 'accuracy': 0.35555555555555557, 'macro avg': {'precision': 0.23715415019762845, 'recall': 0.3956043956043956, 'f1-score': 0.2962962962962963, 'support': 45}, 'weighted avg': {'precision': 0.21361440491875275, 'recall': 0.35555555555555557, 'f1-score': 0.26666666666666666, 'support': 45}}"
Sensibilidade,0.35555555555555557
Especificidade,1.0
