Métrica,Valor
Acurácia,0.25555555555555554
Matriz de Confusão,"[[ 1  0  5]
 [16  0 18]
 [ 2  0  3]]"
Relatório de Classificação,"{'-1.0': {'precision': 0.05263157894736842, 'recall': 0.16666666666666666, 'f1-score': 0.08, 'support': 6}, '0.0': {'precision': 0.0, 'recall': 0.0, 'f1-score': 0.0, 'support': 34}, '1.0': {'precision': 0.11538461538461539, 'recall': 0.6, 'f1-score': 0.1935483870967742, 'support': 5}, 'accuracy': 0.08888888888888889, 'macro avg': {'precision': 0.05600539811066127, 'recall': 0.25555555555555554, 'f1-score': 0.09118279569892473, 'support': 45}, 'weighted avg': {'precision': 0.019838056680161944, 'recall': 0.08888888888888889, 'f1-score': 0.03217204301075269, 'support': 45}}"
Sensibilidade,0.08888888888888889
Especificidade,1.0
