Métrica,Valor
Acurácia,0.5325814536340852
Matriz de Confusão,"[[ 6  5  1]
 [ 5 10  4]
 [ 3  3  8]]"
Relatório de Classificação,"{'-1.0': {'precision': 0.42857142857142855, 'recall': 0.5, 'f1-score': 0.4615384615384615, 'support': 12}, '0.0': {'precision': 0.5555555555555556, 'recall': 0.5263157894736842, 'f1-score': 0.5405405405405405, 'support': 19}, '1.0': {'precision': 0.6153846153846154, 'recall': 0.5714285714285714, 'f1-score': 0.5925925925925927, 'support': 14}, 'accuracy': 0.5333333333333333, 'macro avg': {'precision': 0.5331705331705332, 'recall': 0.5325814536340852, 'f1-score': 0.5315571982238648, 'support': 45}, 'weighted avg': {'precision': 0.5403066069732737, 'recall': 0.5333333333333333, 'f1-score': 0.5356672912228467, 'support': 45}}"
Sensibilidade,0.5333333333333333
Especificidade,0.5454545454545454
