Métrica,Valor
Acurácia Média,0.8374431779400724
Sensibilidade Média,0.943076923076923
Especificidade Média,0.8434338952972492
