Métrica,Valor
Acurácia Média,0.7883127510787085
Sensibilidade Média,0.9503205128205128
Especificidade Média,0.8843178098497249
