Métrica,Valor
Acurácia,0.3617021276595745
Matriz de Confusão,"[[34 13]
 [ 1  0]]"
Relatório de Classificação,"{'0': {'precision': 0.9714285714285714, 'recall': 0.723404255319149, 'f1-score': 0.8292682926829269, 'support': 47}, '1': {'precision': 0.0, 'recall': 0.0, 'f1-score': 0.0, 'support': 1}, 'accuracy': 0.7083333333333334, 'macro avg': {'precision': 0.4857142857142857, 'recall': 0.3617021276595745, 'f1-score': 0.41463414634146345, 'support': 48}, 'weighted avg': {'precision': 0.9511904761904763, 'recall': 0.7083333333333334, 'f1-score': 0.8119918699186992, 'support': 48}}"
Sensibilidade,0.7083333333333334
Especificidade,0.723404255319149
