Métrica,Valor
Acurácia Média,0.4118385915153002
Sensibilidade Média,0.41258741258741255
Especificidade Média,0.689659058889828
