Métrica,Valor
Acurácia,0.32996632996632996
Matriz de Confusão,"[[12  0 10]
 [ 3  0  1]
 [ 7  3  8]]"
Relatório de Classificação,"{'-1.0': {'precision': 0.5454545454545454, 'recall': 0.5454545454545454, 'f1-score': 0.5454545454545454, 'support': 22}, '0.0': {'precision': 0.0, 'recall': 0.0, 'f1-score': 0.0, 'support': 4}, '1.0': {'precision': 0.42105263157894735, 'recall': 0.4444444444444444, 'f1-score': 0.43243243243243246, 'support': 18}, 'accuracy': 0.45454545454545453, 'macro avg': {'precision': 0.32216905901116427, 'recall': 0.32996632996632996, 'f1-score': 0.32596232596232594, 'support': 44}, 'weighted avg': {'precision': 0.4449760765550239, 'recall': 0.45454545454545453, 'f1-score': 0.4496314496314496, 'support': 44}}"
Sensibilidade,0.45454545454545453
Especificidade,1.0
