Métrica,Valor
Acurácia,0.40789473684210525
Matriz de Confusão,"[[11  4  5]
 [ 1  1  3]
 [ 7  3  9]]"
Relatório de Classificação,"{'-1.0': {'precision': 0.5789473684210527, 'recall': 0.55, 'f1-score': 0.5641025641025641, 'support': 20}, '0.0': {'precision': 0.125, 'recall': 0.2, 'f1-score': 0.15384615384615385, 'support': 5}, '1.0': {'precision': 0.5294117647058824, 'recall': 0.47368421052631576, 'f1-score': 0.5, 'support': 19}, 'accuracy': 0.4772727272727273, 'macro avg': {'precision': 0.41111971104231165, 'recall': 0.40789473684210525, 'f1-score': 0.40598290598290604, 'support': 44}, 'weighted avg': {'precision': 0.5059720658598367, 'recall': 0.4772727272727273, 'f1-score': 0.4898018648018648, 'support': 44}}"
Sensibilidade,0.4772727272727273
Especificidade,0.7333333333333333
