Métrica,Valor
Acurácia,0.6096491228070176
Matriz de Confusão,"[[ 9  5  6]
 [ 0  4  1]
 [ 4  4 11]]"
Relatório de Classificação,"{'-1.0': {'precision': 0.6923076923076923, 'recall': 0.45, 'f1-score': 0.5454545454545455, 'support': 20}, '0.0': {'precision': 0.3076923076923077, 'recall': 0.8, 'f1-score': 0.4444444444444444, 'support': 5}, '1.0': {'precision': 0.6111111111111112, 'recall': 0.5789473684210527, 'f1-score': 0.5945945945945946, 'support': 19}, 'accuracy': 0.5454545454545454, 'macro avg': {'precision': 0.5370370370370371, 'recall': 0.6096491228070176, 'f1-score': 0.5281645281645282, 'support': 44}, 'weighted avg': {'precision': 0.6135392385392385, 'recall': 0.5454545454545454, 'f1-score': 0.5551956915593279, 'support': 44}}"
Sensibilidade,0.5454545454545454
Especificidade,0.6428571428571429
