Métrica,Valor
Acurácia,0.7207792207792206
Matriz de Confusão,"[[13  2  7]
 [ 0  1  0]
 [ 7  2 12]]"
Relatório de Classificação,"{'-1.0': {'precision': 0.65, 'recall': 0.5909090909090909, 'f1-score': 0.6190476190476191, 'support': 22}, '0.0': {'precision': 0.2, 'recall': 1.0, 'f1-score': 0.33333333333333337, 'support': 1}, '1.0': {'precision': 0.631578947368421, 'recall': 0.5714285714285714, 'f1-score': 0.6, 'support': 21}, 'accuracy': 0.5909090909090909, 'macro avg': {'precision': 0.49385964912280705, 'recall': 0.7207792207792206, 'f1-score': 0.5174603174603175, 'support': 44}, 'weighted avg': {'precision': 0.6309808612440192, 'recall': 0.5909090909090909, 'f1-score': 0.6034632034632035, 'support': 44}}"
Sensibilidade,0.5909090909090909
Especificidade,0.8666666666666667
