Métrica,Valor
Acurácia,0.34848484848484845
Matriz de Confusão,"[[ 2  2  7]
 [ 5  5 12]
 [ 4  0  7]]"
Relatório de Classificação,"{'-1.0': {'precision': 0.18181818181818182, 'recall': 0.18181818181818182, 'f1-score': 0.18181818181818182, 'support': 11}, '0.0': {'precision': 0.7142857142857143, 'recall': 0.22727272727272727, 'f1-score': 0.3448275862068965, 'support': 22}, '1.0': {'precision': 0.2692307692307692, 'recall': 0.6363636363636364, 'f1-score': 0.37837837837837834, 'support': 11}, 'accuracy': 0.3181818181818182, 'macro avg': {'precision': 0.3884448884448884, 'recall': 0.34848484848484845, 'f1-score': 0.30167471546781893, 'support': 44}, 'weighted avg': {'precision': 0.4699050949050949, 'recall': 0.3181818181818182, 'f1-score': 0.3124629331525883, 'support': 44}}"
Sensibilidade,0.3181818181818182
Especificidade,0.5
