Métrica,Valor
Acurácia Média,0.58806382097189
Sensibilidade Média,0.631868131868132
Especificidade Média,0.9326400524192184
