Métrica,Valor
Acurácia,0.7348387096774194
Matriz de Confusão,"[[22  1  8]
 [ 0  0  0]
 [ 5  1 19]]"
Relatório de Classificação,"{'-1.0': {'precision': 0.8148148148148148, 'recall': 0.7096774193548387, 'f1-score': 0.7586206896551724, 'support': 31}, '0.0': {'precision': 0.0, 'recall': 0.0, 'f1-score': 0.0, 'support': 0}, '1.0': {'precision': 0.7037037037037037, 'recall': 0.76, 'f1-score': 0.7307692307692308, 'support': 25}, 'accuracy': 0.7321428571428571, 'macro avg': {'precision': 0.5061728395061729, 'recall': 0.4898924731182796, 'f1-score': 0.4964633068081344, 'support': 56}, 'weighted avg': {'precision': 0.7652116402116401, 'recall': 0.7321428571428571, 'f1-score': 0.7461870026525199, 'support': 56}}"
Sensibilidade,0.7321428571428571
Especificidade,0.9565217391304348
