Métrica,Valor
Acurácia,0.4894736842105263
Matriz de Confusão,"[[ 6  3  1]
 [10 14 14]
 [ 1  3  4]]"
Relatório de Classificação,"{'-1.0': {'precision': 0.35294117647058826, 'recall': 0.6, 'f1-score': 0.4444444444444445, 'support': 10}, '0.0': {'precision': 0.7, 'recall': 0.3684210526315789, 'f1-score': 0.48275862068965514, 'support': 38}, '1.0': {'precision': 0.21052631578947367, 'recall': 0.5, 'f1-score': 0.2962962962962963, 'support': 8}, 'accuracy': 0.42857142857142855, 'macro avg': {'precision': 0.421155830753354, 'recall': 0.4894736842105263, 'f1-score': 0.40783312047679865, 'support': 56}, 'weighted avg': {'precision': 0.5681003980539584, 'recall': 0.42857142857142855, 'f1-score': 0.4492793285896734, 'support': 56}}"
Sensibilidade,0.42857142857142855
Especificidade,0.6666666666666666
