Métrica,Valor
Acurácia,0.5232558139534883
Matriz de Confusão,"[[ 5  0  0]
 [20  3 20]
 [ 4  0  4]]"
Relatório de Classificação,"{'-1.0': {'precision': 0.1724137931034483, 'recall': 1.0, 'f1-score': 0.29411764705882354, 'support': 5}, '0.0': {'precision': 1.0, 'recall': 0.06976744186046512, 'f1-score': 0.13043478260869565, 'support': 43}, '1.0': {'precision': 0.16666666666666666, 'recall': 0.5, 'f1-score': 0.25, 'support': 8}, 'accuracy': 0.21428571428571427, 'macro avg': {'precision': 0.44636015325670503, 'recall': 0.5232558139534883, 'f1-score': 0.22485080988917305, 'support': 56}, 'weighted avg': {'precision': 0.8070607553366174, 'recall': 0.21428571428571427, 'f1-score': 0.16213006941907196, 'support': 56}}"
Sensibilidade,0.21428571428571427
Especificidade,1.0
