Métrica,Valor
Acurácia,0.4492945326278659
Matriz de Confusão,"[[17  4  7]
 [ 0  0  1]
 [ 4  3 20]]"
Relatório de Classificação,"{'-1.0': {'precision': 0.8095238095238095, 'recall': 0.6071428571428571, 'f1-score': 0.6938775510204083, 'support': 28}, '0.0': {'precision': 0.0, 'recall': 0.0, 'f1-score': 0.0, 'support': 1}, '1.0': {'precision': 0.7142857142857143, 'recall': 0.7407407407407407, 'f1-score': 0.7272727272727273, 'support': 27}, 'accuracy': 0.6607142857142857, 'macro avg': {'precision': 0.5079365079365079, 'recall': 0.4492945326278659, 'f1-score': 0.4737167594310452, 'support': 56}, 'weighted avg': {'precision': 0.7491496598639455, 'recall': 0.6607142857142857, 'f1-score': 0.6975881261595548, 'support': 56}}"
Sensibilidade,0.6607142857142857
Especificidade,0.8095238095238095
