Métrica,Valor
Acurácia,0.5248412698412698
Matriz de Confusão,"[[16  0  9]
 [ 2  1  4]
 [ 5  0 19]]"
Relatório de Classificação,"{'-1.0': {'precision': 0.6956521739130435, 'recall': 0.64, 'f1-score': 0.6666666666666666, 'support': 25}, '0.0': {'precision': 1.0, 'recall': 0.14285714285714285, 'f1-score': 0.25, 'support': 7}, '1.0': {'precision': 0.59375, 'recall': 0.7916666666666666, 'f1-score': 0.6785714285714286, 'support': 24}, 'accuracy': 0.6428571428571429, 'macro avg': {'precision': 0.7631340579710145, 'recall': 0.5248412698412698, 'f1-score': 0.5317460317460317, 'support': 56}, 'weighted avg': {'precision': 0.6900232919254659, 'recall': 0.6428571428571429, 'f1-score': 0.6196853741496599, 'support': 56}}"
Sensibilidade,0.6428571428571429
Especificidade,1.0
