Métrica,Valor
Acurácia,0.49647266313932975
Matriz de Confusão,"[[22  1  5]
 [ 1  0  0]
 [ 8  0 19]]"
Relatório de Classificação,"{'-1.0': {'precision': 0.7096774193548387, 'recall': 0.7857142857142857, 'f1-score': 0.7457627118644068, 'support': 28}, '0.0': {'precision': 0.0, 'recall': 0.0, 'f1-score': 0.0, 'support': 1}, '1.0': {'precision': 0.7916666666666666, 'recall': 0.7037037037037037, 'f1-score': 0.7450980392156864, 'support': 27}, 'accuracy': 0.7321428571428571, 'macro avg': {'precision': 0.5004480286738352, 'recall': 0.49647266313932975, 'f1-score': 0.49695358369336445, 'support': 56}, 'weighted avg': {'precision': 0.736535138248848, 'recall': 0.7321428571428571, 'f1-score': 0.7321250534111952, 'support': 56}}"
Sensibilidade,0.7321428571428571
Especificidade,0.9565217391304348
