Métrica,Valor
Acurácia,0.7514619883040936
Matriz de Confusão,"[[15  0  3]
 [ 4 13  2]
 [ 2  3 14]]"
Relatório de Classificação,"{'-1.0': {'precision': 0.7142857142857143, 'recall': 0.8333333333333334, 'f1-score': 0.7692307692307692, 'support': 18}, '0.0': {'precision': 0.8125, 'recall': 0.6842105263157895, 'f1-score': 0.742857142857143, 'support': 19}, '1.0': {'precision': 0.7368421052631579, 'recall': 0.7368421052631579, 'f1-score': 0.7368421052631579, 'support': 19}, 'accuracy': 0.75, 'macro avg': {'precision': 0.7545426065162908, 'recall': 0.7514619883040936, 'f1-score': 0.7496433391170233, 'support': 56}, 'weighted avg': {'precision': 0.7552614795918368, 'recall': 0.75, 'f1-score': 0.7492935635792779, 'support': 56}}"
Sensibilidade,0.75
Especificidade,1.0
