Métrica,Valor
Acurácia,0.7444083694083693
Matriz de Confusão,"[[15  0  6]
 [ 1  8  2]
 [ 5  0 19]]"
Relatório de Classificação,"{'-1.0': {'precision': 0.7142857142857143, 'recall': 0.7142857142857143, 'f1-score': 0.7142857142857143, 'support': 21}, '0.0': {'precision': 1.0, 'recall': 0.7272727272727273, 'f1-score': 0.8421052631578948, 'support': 11}, '1.0': {'precision': 0.7037037037037037, 'recall': 0.7916666666666666, 'f1-score': 0.7450980392156864, 'support': 24}, 'accuracy': 0.75, 'macro avg': {'precision': 0.8059964726631393, 'recall': 0.7444083694083693, 'f1-score': 0.7671630055530985, 'support': 56}, 'weighted avg': {'precision': 0.7658730158730158, 'recall': 0.75, 'f1-score': 0.7525984077841663, 'support': 56}}"
Sensibilidade,0.75
Especificidade,1.0
