Métrica,Valor
Acurácia,0.5711042311661507
Matriz de Confusão,"[[14  1  4]
 [ 8  3  6]
 [ 3  1 16]]"
Relatório de Classificação,"{'-1.0': {'precision': 0.56, 'recall': 0.7368421052631579, 'f1-score': 0.6363636363636364, 'support': 19}, '0.0': {'precision': 0.6, 'recall': 0.17647058823529413, 'f1-score': 0.2727272727272727, 'support': 17}, '1.0': {'precision': 0.6153846153846154, 'recall': 0.8, 'f1-score': 0.6956521739130435, 'support': 20}, 'accuracy': 0.5892857142857143, 'macro avg': {'precision': 0.5917948717948719, 'recall': 0.5711042311661507, 'f1-score': 0.5349143610013175, 'support': 56}, 'weighted avg': {'precision': 0.591923076923077, 'recall': 0.5892857142857143, 'f1-score': 0.5471485036702427, 'support': 56}}"
Sensibilidade,0.5892857142857143
Especificidade,0.9333333333333333
