Métrica,Valor
Acurácia Média,0.7773744113029828
Sensibilidade Média,0.9183673469387756
Especificidade Média,0.8421201814058957
