Métrica,Valor
Acurácia,0.4583333333333333
Matriz de Confusão,"[[30 15]
 [ 3  1]]"
Relatório de Classificação,"{'0': {'precision': 0.9090909090909091, 'recall': 0.6666666666666666, 'f1-score': 0.7692307692307692, 'support': 45}, '1': {'precision': 0.0625, 'recall': 0.25, 'f1-score': 0.1, 'support': 4}, 'accuracy': 0.6326530612244898, 'macro avg': {'precision': 0.48579545454545453, 'recall': 0.4583333333333333, 'f1-score': 0.43461538461538457, 'support': 49}, 'weighted avg': {'precision': 0.8399814471243042, 'recall': 0.6326530612244898, 'f1-score': 0.7145996860282574, 'support': 49}}"
Sensibilidade,0.6326530612244898
Especificidade,0.6666666666666666
