Métrica,Valor
Acurácia Média,0.8108063580461771
Sensibilidade Média,0.8964497041420117
Especificidade Média,0.7932503770739066
