Métrica,Valor
Acurácia Média,0.44441264882946135
Sensibilidade Média,0.4916387959866221
Especificidade Média,0.9367939752555137
