Métrica,Valor
Acurácia,0.506060606060606
Matriz de Confusão,"[[14  0  6]
 [ 1  0  3]
 [ 4  0 18]]"
Relatório de Classificação,"{'-1.0': {'precision': 0.7368421052631579, 'recall': 0.7, 'f1-score': 0.717948717948718, 'support': 20}, '0.0': {'precision': 0.0, 'recall': 0.0, 'f1-score': 0.0, 'support': 4}, '1.0': {'precision': 0.6666666666666666, 'recall': 0.8181818181818182, 'f1-score': 0.7346938775510203, 'support': 22}, 'accuracy': 0.6956521739130435, 'macro avg': {'precision': 0.4678362573099415, 'recall': 0.506060606060606, 'f1-score': 0.4842141984999128, 'support': 46}, 'weighted avg': {'precision': 0.639206712433257, 'recall': 0.6956521739130435, 'f1-score': 0.6635269492412349, 'support': 46}}"
Sensibilidade,0.6956521739130435
Especificidade,1.0
