Métrica,Valor
Acurácia,0.41190476190476194
Matriz de Confusão,"[[ 3  0  4]
 [14  2 19]
 [ 1  0  3]]"
Relatório de Classificação,"{'-1.0': {'precision': 0.16666666666666666, 'recall': 0.42857142857142855, 'f1-score': 0.24, 'support': 7}, '0.0': {'precision': 1.0, 'recall': 0.05714285714285714, 'f1-score': 0.1081081081081081, 'support': 35}, '1.0': {'precision': 0.11538461538461539, 'recall': 0.75, 'f1-score': 0.19999999999999998, 'support': 4}, 'accuracy': 0.17391304347826086, 'macro avg': {'precision': 0.4273504273504274, 'recall': 0.41190476190476194, 'f1-score': 0.1827027027027027, 'support': 46}, 'weighted avg': {'precision': 0.7962653288740245, 'recall': 0.17391304347826086, 'f1-score': 0.1361692126909518, 'support': 46}}"
Sensibilidade,0.17391304347826086
Especificidade,1.0
