Métrica,Valor
Acurácia,0.5434173669467787
Matriz de Confusão,"[[ 4  0  3]
 [ 9  2 23]
 [ 0  0  5]]"
Relatório de Classificação,"{'-1.0': {'precision': 0.3076923076923077, 'recall': 0.5714285714285714, 'f1-score': 0.4, 'support': 7}, '0.0': {'precision': 1.0, 'recall': 0.058823529411764705, 'f1-score': 0.1111111111111111, 'support': 34}, '1.0': {'precision': 0.16129032258064516, 'recall': 1.0, 'f1-score': 0.27777777777777773, 'support': 5}, 'accuracy': 0.2391304347826087, 'macro avg': {'precision': 0.48966087675765096, 'recall': 0.5434173669467787, 'f1-score': 0.2629629629629629, 'support': 46}, 'weighted avg': {'precision': 0.8034847340597691, 'recall': 0.2391304347826087, 'f1-score': 0.17318840579710143, 'support': 46}}"
Sensibilidade,0.2391304347826087
Especificidade,1.0
