Métrica,Valor
Acurácia Média,0.7789515449089918
Sensibilidade Média,0.9182692307692307
Especificidade Média,0.8528430789069085
