Métrica,Valor
Acurácia,0.26595744680851063
Matriz de Confusão,"[[25 22]
 [ 1  0]]"
Relatório de Classificação,"{'0': {'precision': 0.9615384615384616, 'recall': 0.5319148936170213, 'f1-score': 0.684931506849315, 'support': 47}, '1': {'precision': 0.0, 'recall': 0.0, 'f1-score': 0.0, 'support': 1}, 'accuracy': 0.5208333333333334, 'macro avg': {'precision': 0.4807692307692308, 'recall': 0.26595744680851063, 'f1-score': 0.3424657534246575, 'support': 48}, 'weighted avg': {'precision': 0.9415064102564102, 'recall': 0.5208333333333334, 'f1-score': 0.670662100456621, 'support': 48}}"
Sensibilidade,0.5208333333333334
Especificidade,0.5319148936170213
