Métrica,Valor
Acurácia Média,0.7853115034611495
Sensibilidade Média,0.9443535188216039
Especificidade Média,0.8783153146146069
