Métrica,Valor
Acurácia,0.37209302325581395
Matriz de Confusão,"[[32 11]
 [ 4  0]]"
Relatório de Classificação,"{'0': {'precision': 0.8888888888888888, 'recall': 0.7441860465116279, 'f1-score': 0.8101265822784809, 'support': 43}, '1': {'precision': 0.0, 'recall': 0.0, 'f1-score': 0.0, 'support': 4}, 'accuracy': 0.6808510638297872, 'macro avg': {'precision': 0.4444444444444444, 'recall': 0.37209302325581395, 'f1-score': 0.40506329113924044, 'support': 47}, 'weighted avg': {'precision': 0.8132387706855791, 'recall': 0.6808510638297872, 'f1-score': 0.7411796391058442, 'support': 47}}"
Sensibilidade,0.6808510638297872
Especificidade,0.7441860465116279
