Métrica,Valor
Acurácia Média,0.46928490965166364
Sensibilidade Média,0.5192307692307693
Especificidade Média,0.9670868347338936
