Métrica,Valor
Acurácia,0.5909090909090909
Matriz de Confusão,"[[ 5  2  4]
 [ 4 17  1]
 [ 2  3  6]]"
Relatório de Classificação,"{'-1.0': {'precision': 0.45454545454545453, 'recall': 0.45454545454545453, 'f1-score': 0.45454545454545453, 'support': 11}, '0.0': {'precision': 0.7727272727272727, 'recall': 0.7727272727272727, 'f1-score': 0.7727272727272727, 'support': 22}, '1.0': {'precision': 0.5454545454545454, 'recall': 0.5454545454545454, 'f1-score': 0.5454545454545454, 'support': 11}, 'accuracy': 0.6363636363636364, 'macro avg': {'precision': 0.5909090909090909, 'recall': 0.5909090909090909, 'f1-score': 0.5909090909090909, 'support': 44}, 'weighted avg': {'precision': 0.6363636363636364, 'recall': 0.6363636363636364, 'f1-score': 0.6363636363636364, 'support': 44}}"
Sensibilidade,0.6363636363636364
Especificidade,0.7142857142857143
