Métrica,Valor
Acurácia,0.4329004329004329
Matriz de Confusão,"[[16  1  5]
 [ 1  0  0]
 [ 8  1 12]]"
Relatório de Classificação,"{'-1.0': {'precision': 0.64, 'recall': 0.7272727272727273, 'f1-score': 0.6808510638297872, 'support': 22}, '0.0': {'precision': 0.0, 'recall': 0.0, 'f1-score': 0.0, 'support': 1}, '1.0': {'precision': 0.7058823529411765, 'recall': 0.5714285714285714, 'f1-score': 0.6315789473684211, 'support': 21}, 'accuracy': 0.6363636363636364, 'macro avg': {'precision': 0.4486274509803922, 'recall': 0.4329004329004329, 'f1-score': 0.4374766703994028, 'support': 44}, 'weighted avg': {'precision': 0.6568983957219252, 'recall': 0.6363636363636364, 'f1-score': 0.6418609386134583, 'support': 44}}"
Sensibilidade,0.6363636363636364
Especificidade,0.9411764705882353
