Métrica,Valor
Acurácia,0.5019607843137255
Matriz de Confusão,"[[12  0  3]
 [10  0  2]
 [ 5  0 12]]"
Relatório de Classificação,"{'-1.0': {'precision': 0.4444444444444444, 'recall': 0.8, 'f1-score': 0.5714285714285714, 'support': 15}, '0.0': {'precision': 0.0, 'recall': 0.0, 'f1-score': 0.0, 'support': 12}, '1.0': {'precision': 0.7058823529411765, 'recall': 0.7058823529411765, 'f1-score': 0.7058823529411765, 'support': 17}, 'accuracy': 0.5454545454545454, 'macro avg': {'precision': 0.38344226579520696, 'recall': 0.5019607843137255, 'f1-score': 0.4257703081232493, 'support': 44}, 'weighted avg': {'precision': 0.4242424242424242, 'recall': 0.5454545454545454, 'f1-score': 0.46753246753246747, 'support': 44}}"
Sensibilidade,0.5454545454545454
Especificidade,1.0
