Métrica,Valor
Acurácia,0.44871794871794873
Matriz de Confusão,"[[11  1  1]
 [ 9  0  8]
 [ 7  0  7]]"
Relatório de Classificação,"{'-1.0': {'precision': 0.4074074074074074, 'recall': 0.8461538461538461, 'f1-score': 0.5499999999999999, 'support': 13}, '0.0': {'precision': 0.0, 'recall': 0.0, 'f1-score': 0.0, 'support': 17}, '1.0': {'precision': 0.4375, 'recall': 0.5, 'f1-score': 0.4666666666666667, 'support': 14}, 'accuracy': 0.4090909090909091, 'macro avg': {'precision': 0.28163580246913583, 'recall': 0.44871794871794873, 'f1-score': 0.33888888888888885, 'support': 44}, 'weighted avg': {'precision': 0.2595749158249158, 'recall': 0.4090909090909091, 'f1-score': 0.3109848484848485, 'support': 44}}"
Sensibilidade,0.4090909090909091
Especificidade,0.9166666666666666
