Métrica,Valor
Acurácia,0.5016339869281046
Matriz de Confusão,"[[ 4  0  2]
 [15  3 16]
 [ 1  0  3]]"
Relatório de Classificação,"{'-1.0': {'precision': 0.2, 'recall': 0.6666666666666666, 'f1-score': 0.30769230769230765, 'support': 6}, '0.0': {'precision': 1.0, 'recall': 0.08823529411764706, 'f1-score': 0.1621621621621622, 'support': 34}, '1.0': {'precision': 0.14285714285714285, 'recall': 0.75, 'f1-score': 0.24, 'support': 4}, 'accuracy': 0.22727272727272727, 'macro avg': {'precision': 0.4476190476190476, 'recall': 0.5016339869281046, 'f1-score': 0.23661815661815663, 'support': 44}, 'weighted avg': {'precision': 0.812987012987013, 'recall': 0.22727272727272727, 'f1-score': 0.1890833490833491, 'support': 44}}"
Sensibilidade,0.22727272727272727
Especificidade,1.0
