Métrica,Valor
Acurácia,0.3709150326797386
Matriz de Confusão,"[[ 5  0  1]
 [19  1 14]
 [ 3  0  1]]"
Relatório de Classificação,"{'-1.0': {'precision': 0.18518518518518517, 'recall': 0.8333333333333334, 'f1-score': 0.303030303030303, 'support': 6}, '0.0': {'precision': 1.0, 'recall': 0.029411764705882353, 'f1-score': 0.05714285714285715, 'support': 34}, '1.0': {'precision': 0.0625, 'recall': 0.25, 'f1-score': 0.1, 'support': 4}, 'accuracy': 0.1590909090909091, 'macro avg': {'precision': 0.415895061728395, 'recall': 0.3709150326797386, 'f1-score': 0.15339105339105338, 'support': 44}, 'weighted avg': {'precision': 0.8036616161616162, 'recall': 0.1590909090909091, 'f1-score': 0.09456906729634001, 'support': 44}}"
Sensibilidade,0.1590909090909091
Especificidade,1.0
