Métrica,Valor
Acurácia,0.47712418300653586
Matriz de Confusão,"[[13  0  4]
 [ 7  0  2]
 [ 6  0 12]]"
Relatório de Classificação,"{'-1.0': {'precision': 0.5, 'recall': 0.7647058823529411, 'f1-score': 0.6046511627906976, 'support': 17}, '0.0': {'precision': 0.0, 'recall': 0.0, 'f1-score': 0.0, 'support': 9}, '1.0': {'precision': 0.6666666666666666, 'recall': 0.6666666666666666, 'f1-score': 0.6666666666666666, 'support': 18}, 'accuracy': 0.5681818181818182, 'macro avg': {'precision': 0.38888888888888884, 'recall': 0.47712418300653586, 'f1-score': 0.42377260981912146, 'support': 44}, 'weighted avg': {'precision': 0.4659090909090909, 'recall': 0.5681818181818182, 'f1-score': 0.5063424947145877, 'support': 44}}"
Sensibilidade,0.5681818181818182
Especificidade,1.0
