Métrica,Valor
Acurácia,0.5114035087719299
Matriz de Confusão,"[[13  0  7]
 [ 2  1  2]
 [ 6  0 13]]"
Relatório de Classificação,"{'-1.0': {'precision': 0.6190476190476191, 'recall': 0.65, 'f1-score': 0.6341463414634146, 'support': 20}, '0.0': {'precision': 1.0, 'recall': 0.2, 'f1-score': 0.33333333333333337, 'support': 5}, '1.0': {'precision': 0.5909090909090909, 'recall': 0.6842105263157895, 'f1-score': 0.6341463414634148, 'support': 19}, 'accuracy': 0.6136363636363636, 'macro avg': {'precision': 0.7366522366522367, 'recall': 0.5114035087719299, 'f1-score': 0.5338753387533876, 'support': 44}, 'weighted avg': {'precision': 0.6501869342778434, 'recall': 0.6136363636363636, 'f1-score': 0.5999630450849964, 'support': 44}}"
Sensibilidade,0.6136363636363636
Especificidade,1.0
