Métrica,Valor
Acurácia,0.4519632414369257
Matriz de Confusão,"[[14  0  5]
 [ 2  0  2]
 [ 8  0 13]]"
Relatório de Classificação,"{'-1.0': {'precision': 0.5833333333333334, 'recall': 0.7368421052631579, 'f1-score': 0.6511627906976745, 'support': 19}, '0.0': {'precision': 0.0, 'recall': 0.0, 'f1-score': 0.0, 'support': 4}, '1.0': {'precision': 0.65, 'recall': 0.6190476190476191, 'f1-score': 0.6341463414634146, 'support': 21}, 'accuracy': 0.6136363636363636, 'macro avg': {'precision': 0.41111111111111115, 'recall': 0.4519632414369257, 'f1-score': 0.42843637738702967, 'support': 44}, 'weighted avg': {'precision': 0.5621212121212121, 'recall': 0.6136363636363636, 'f1-score': 0.5838446862269892, 'support': 44}}"
Sensibilidade,0.6136363636363636
Especificidade,1.0
