Métrica,Valor
Acurácia,0.5263157894736842
Matriz de Confusão,"[[16  0  4]
 [ 1  1  3]
 [ 8  0 11]]"
Relatório de Classificação,"{'-1.0': {'precision': 0.64, 'recall': 0.8, 'f1-score': 0.7111111111111111, 'support': 20}, '0.0': {'precision': 1.0, 'recall': 0.2, 'f1-score': 0.33333333333333337, 'support': 5}, '1.0': {'precision': 0.6111111111111112, 'recall': 0.5789473684210527, 'f1-score': 0.5945945945945946, 'support': 19}, 'accuracy': 0.6363636363636364, 'macro avg': {'precision': 0.7503703703703705, 'recall': 0.5263157894736842, 'f1-score': 0.5463463463463464, 'support': 44}, 'weighted avg': {'precision': 0.6684343434343435, 'recall': 0.6363636363636364, 'f1-score': 0.6178678678678678, 'support': 44}}"
Sensibilidade,0.6363636363636364
Especificidade,1.0
