Métrica,Valor
Acurácia Média,0.47954876059743157
Sensibilidade Média,0.5267558528428093
Especificidade Média,0.9519147519147519
