Métrica,Valor
Acurácia,0.4962962962962963
Matriz de Confusão,"[[13  0  5]
 [ 5  1  4]
 [ 6  0 12]]"
Relatório de Classificação,"{'-1.0': {'precision': 0.5416666666666666, 'recall': 0.7222222222222222, 'f1-score': 0.619047619047619, 'support': 18}, '0.0': {'precision': 1.0, 'recall': 0.1, 'f1-score': 0.18181818181818182, 'support': 10}, '1.0': {'precision': 0.5714285714285714, 'recall': 0.6666666666666666, 'f1-score': 0.6153846153846153, 'support': 18}, 'accuracy': 0.5652173913043478, 'macro avg': {'precision': 0.7043650793650794, 'recall': 0.4962962962962963, 'f1-score': 0.47208347208347207, 'support': 46}, 'weighted avg': {'precision': 0.6529503105590062, 'recall': 0.5652173913043478, 'f1-score': 0.5225643921296094, 'support': 46}}"
Sensibilidade,0.5652173913043478
Especificidade,1.0
