Métrica,Valor
Acurácia,0.48945981554677204
Matriz de Confusão,"[[17  0  5]
 [ 1  0  0]
 [ 7  0 16]]"
Relatório de Classificação,"{'-1.0': {'precision': 0.68, 'recall': 0.7727272727272727, 'f1-score': 0.7234042553191491, 'support': 22}, '0.0': {'precision': 0.0, 'recall': 0.0, 'f1-score': 0.0, 'support': 1}, '1.0': {'precision': 0.7619047619047619, 'recall': 0.6956521739130435, 'f1-score': 0.7272727272727272, 'support': 23}, 'accuracy': 0.717391304347826, 'macro avg': {'precision': 0.4806349206349207, 'recall': 0.48945981554677204, 'f1-score': 0.48355899419729215, 'support': 46}, 'weighted avg': {'precision': 0.7061697722567288, 'recall': 0.717391304347826, 'f1-score': 0.7096123118324783, 'support': 46}}"
Sensibilidade,0.717391304347826
Especificidade,1.0
