Métrica,Valor
Acurácia,0.5722222222222223
Matriz de Confusão,"[[14  1  6]
 [ 2  1  2]
 [ 3  0 17]]"
Relatório de Classificação,"{'-1.0': {'precision': 0.7368421052631579, 'recall': 0.6666666666666666, 'f1-score': 0.7, 'support': 21}, '0.0': {'precision': 0.5, 'recall': 0.2, 'f1-score': 0.28571428571428575, 'support': 5}, '1.0': {'precision': 0.68, 'recall': 0.85, 'f1-score': 0.7555555555555556, 'support': 20}, 'accuracy': 0.6956521739130435, 'macro avg': {'precision': 0.6389473684210527, 'recall': 0.5722222222222223, 'f1-score': 0.5804232804232804, 'support': 46}, 'weighted avg': {'precision': 0.6863844393592677, 'recall': 0.6956521739130435, 'f1-score': 0.6791235334713596, 'support': 46}}"
Sensibilidade,0.6956521739130435
Especificidade,0.9333333333333333
