Métrica,Valor
Acurácia,0.5210803689064559
Matriz de Confusão,"[[ 5  2  4]
 [ 5 14  4]
 [ 3  3  6]]"
Relatório de Classificação,"{'-1.0': {'precision': 0.38461538461538464, 'recall': 0.45454545454545453, 'f1-score': 0.41666666666666663, 'support': 11}, '0.0': {'precision': 0.7368421052631579, 'recall': 0.6086956521739131, 'f1-score': 0.6666666666666666, 'support': 23}, '1.0': {'precision': 0.42857142857142855, 'recall': 0.5, 'f1-score': 0.4615384615384615, 'support': 12}, 'accuracy': 0.5434782608695652, 'macro avg': {'precision': 0.5166763061499904, 'recall': 0.5210803689064559, 'f1-score': 0.5149572649572649, 'support': 46}, 'weighted avg': {'precision': 0.572195539014761, 'recall': 0.5434782608695652, 'f1-score': 0.5533723522853957, 'support': 46}}"
Sensibilidade,0.5434782608695652
Especificidade,0.7142857142857143
