Métrica,Valor
Acurácia,0.4584045584045584
Matriz de Confusão,"[[ 8  3  4]
 [ 6  3  4]
 [ 5  2 11]]"
Relatório de Classificação,"{'-1.0': {'precision': 0.42105263157894735, 'recall': 0.5333333333333333, 'f1-score': 0.47058823529411764, 'support': 15}, '0.0': {'precision': 0.375, 'recall': 0.23076923076923078, 'f1-score': 0.2857142857142857, 'support': 13}, '1.0': {'precision': 0.5789473684210527, 'recall': 0.6111111111111112, 'f1-score': 0.5945945945945946, 'support': 18}, 'accuracy': 0.4782608695652174, 'macro avg': {'precision': 0.4583333333333333, 'recall': 0.4584045584045584, 'f1-score': 0.4502990385343327, 'support': 46}, 'weighted avg': {'precision': 0.46982265446224253, 'recall': 0.4782608695652174, 'f1-score': 0.4668654770956561, 'support': 46}}"
Sensibilidade,0.4782608695652174
Especificidade,0.7272727272727273
