Métrica,Valor
Acurácia,0.5706349206349206
Matriz de Confusão,"[[15  0  5]
 [ 1  1  3]
 [ 5  0 16]]"
Relatório de Classificação,"{'-1.0': {'precision': 0.7142857142857143, 'recall': 0.75, 'f1-score': 0.7317073170731706, 'support': 20}, '0.0': {'precision': 1.0, 'recall': 0.2, 'f1-score': 0.33333333333333337, 'support': 5}, '1.0': {'precision': 0.6666666666666666, 'recall': 0.7619047619047619, 'f1-score': 0.7111111111111111, 'support': 21}, 'accuracy': 0.6956521739130435, 'macro avg': {'precision': 0.7936507936507936, 'recall': 0.5706349206349206, 'f1-score': 0.5920505871725384, 'support': 46}, 'weighted avg': {'precision': 0.7236024844720497, 'recall': 0.6956521739130435, 'f1-score': 0.6790031813361611, 'support': 46}}"
Sensibilidade,0.6956521739130435
Especificidade,1.0
