Métrica,Valor
Acurácia,0.4279176201372998
Matriz de Confusão,"[[12  0  7]
 [ 2  0  2]
 [ 8  0 15]]"
Relatório de Classificação,"{'-1.0': {'precision': 0.5454545454545454, 'recall': 0.631578947368421, 'f1-score': 0.5853658536585366, 'support': 19}, '0.0': {'precision': 0.0, 'recall': 0.0, 'f1-score': 0.0, 'support': 4}, '1.0': {'precision': 0.625, 'recall': 0.6521739130434783, 'f1-score': 0.6382978723404256, 'support': 23}, 'accuracy': 0.5869565217391305, 'macro avg': {'precision': 0.39015151515151514, 'recall': 0.4279176201372998, 'f1-score': 0.4078879086663207, 'support': 46}, 'weighted avg': {'precision': 0.5377964426877471, 'recall': 0.5869565217391305, 'f1-score': 0.5609304844204779, 'support': 46}}"
Sensibilidade,0.5869565217391305
Especificidade,1.0
