Métrica,Valor
Acurácia Média,0.3923872443311075
Sensibilidade Média,0.43288084464555054
Especificidade Média,0.6504025049333456
