Métrica,Valor
Acurácia,0.27946127946127947
Matriz de Confusão,"[[ 3  4  2]
 [10 13 10]
 [ 4  4  1]]"
Relatório de Classificação,"{'-1.0': {'precision': 0.17647058823529413, 'recall': 0.3333333333333333, 'f1-score': 0.23076923076923078, 'support': 9}, '0.0': {'precision': 0.6190476190476191, 'recall': 0.3939393939393939, 'f1-score': 0.48148148148148145, 'support': 33}, '1.0': {'precision': 0.07692307692307693, 'recall': 0.1111111111111111, 'f1-score': 0.09090909090909093, 'support': 9}, 'accuracy': 0.3333333333333333, 'macro avg': {'precision': 0.2908137614019967, 'recall': 0.27946127946127947, 'f1-score': 0.2677199343866011, 'support': 51}, 'weighted avg': {'precision': 0.44527675323523086, 'recall': 0.3333333333333333, 'f1-score': 0.3683136036077213, 'support': 51}}"
Sensibilidade,0.3333333333333333
Especificidade,0.42857142857142855
