Métrica,Valor
Acurácia,0.37558922558922553
Matriz de Confusão,"[[10  1 11]
 [ 2  2  5]
 [ 7  4  9]]"
Relatório de Classificação,"{'-1.0': {'precision': 0.5263157894736842, 'recall': 0.45454545454545453, 'f1-score': 0.4878048780487805, 'support': 22}, '0.0': {'precision': 0.2857142857142857, 'recall': 0.2222222222222222, 'f1-score': 0.25, 'support': 9}, '1.0': {'precision': 0.36, 'recall': 0.45, 'f1-score': 0.39999999999999997, 'support': 20}, 'accuracy': 0.4117647058823529, 'macro avg': {'precision': 0.39067669172932334, 'recall': 0.37558922558922553, 'f1-score': 0.3792682926829268, 'support': 51}, 'weighted avg': {'precision': 0.41863482234999255, 'recall': 0.4117647058823529, 'f1-score': 0.4114060258249641, 'support': 51}}"
Sensibilidade,0.4117647058823529
Especificidade,0.9090909090909091
