Métrica,Valor
Acurácia,0.37725076855511636
Matriz de Confusão,"[[ 8  5  9]
 [ 1  2  3]
 [ 6  7 10]]"
Relatório de Classificação,"{'-1.0': {'precision': 0.5333333333333333, 'recall': 0.36363636363636365, 'f1-score': 0.43243243243243246, 'support': 22}, '0.0': {'precision': 0.14285714285714285, 'recall': 0.3333333333333333, 'f1-score': 0.2, 'support': 6}, '1.0': {'precision': 0.45454545454545453, 'recall': 0.43478260869565216, 'f1-score': 0.4444444444444445, 'support': 23}, 'accuracy': 0.39215686274509803, 'macro avg': {'precision': 0.3769119769119769, 'recall': 0.37725076855511636, 'f1-score': 0.35895895895895896, 'support': 51}, 'weighted avg': {'precision': 0.4518631695102283, 'recall': 0.39215686274509803, 'f1-score': 0.4105046222693282, 'support': 51}}"
Sensibilidade,0.39215686274509803
Especificidade,0.6153846153846154
