Métrica,Valor
Acurácia,0.48056415548675613
Matriz de Confusão,"[[ 5  3  7]
 [ 4 11  4]
 [ 5  3  9]]"
Relatório de Classificação,"{'-1.0': {'precision': 0.35714285714285715, 'recall': 0.3333333333333333, 'f1-score': 0.3448275862068965, 'support': 15}, '0.0': {'precision': 0.6470588235294118, 'recall': 0.5789473684210527, 'f1-score': 0.6111111111111113, 'support': 19}, '1.0': {'precision': 0.45, 'recall': 0.5294117647058824, 'f1-score': 0.48648648648648646, 'support': 17}, 'accuracy': 0.49019607843137253, 'macro avg': {'precision': 0.48473389355742297, 'recall': 0.48056415548675613, 'f1-score': 0.48080839460149805, 'support': 51}, 'weighted avg': {'precision': 0.4961031471412094, 'recall': 0.49019607843137253, 'f1-score': 0.4912508857742124, 'support': 51}}"
Sensibilidade,0.49019607843137253
Especificidade,0.625
