Métrica,Valor
Acurácia,0.3126934984520124
Matriz de Confusão,"[[10  4  5]
 [12  0  3]
 [ 8  2  7]]"
Relatório de Classificação,"{'-1.0': {'precision': 0.3333333333333333, 'recall': 0.5263157894736842, 'f1-score': 0.4081632653061224, 'support': 19}, '0.0': {'precision': 0.0, 'recall': 0.0, 'f1-score': 0.0, 'support': 15}, '1.0': {'precision': 0.4666666666666667, 'recall': 0.4117647058823529, 'f1-score': 0.43749999999999994, 'support': 17}, 'accuracy': 0.3333333333333333, 'macro avg': {'precision': 0.26666666666666666, 'recall': 0.3126934984520124, 'f1-score': 0.2818877551020408, 'support': 51}, 'weighted avg': {'precision': 0.2797385620915033, 'recall': 0.3333333333333333, 'f1-score': 0.2978941576630652, 'support': 51}}"
Sensibilidade,0.3333333333333333
Especificidade,0.7142857142857143
