Métrica,Valor
Acurácia Média,0.4782250599268367
Sensibilidade Média,0.5192307692307693
Especificidade Média,0.9178360101437024
