Métrica,Valor
Acurácia,0.4597326649958229
Matriz de Confusão,"[[ 8  2  5]
 [ 6  3  5]
 [ 4  3 12]]"
Relatório de Classificação,"{'-1.0': {'precision': 0.4444444444444444, 'recall': 0.5333333333333333, 'f1-score': 0.4848484848484848, 'support': 15}, '0.0': {'precision': 0.375, 'recall': 0.21428571428571427, 'f1-score': 0.2727272727272727, 'support': 14}, '1.0': {'precision': 0.5454545454545454, 'recall': 0.631578947368421, 'f1-score': 0.5853658536585366, 'support': 19}, 'accuracy': 0.4791666666666667, 'macro avg': {'precision': 0.45496632996632996, 'recall': 0.4597326649958229, 'f1-score': 0.4476472037447647, 'support': 48}, 'weighted avg': {'precision': 0.46417297979797983, 'recall': 0.4791666666666667, 'f1-score': 0.46276792313377674, 'support': 48}}"
Sensibilidade,0.4791666666666667
Especificidade,0.8
