Métrica,Valor
Acurácia,0.5055555555555555
Matriz de Confusão,"[[11  3  8]
 [ 3  1  2]
 [ 3  0 17]]"
Relatório de Classificação,"{'-1.0': {'precision': 0.6470588235294118, 'recall': 0.5, 'f1-score': 0.5641025641025642, 'support': 22}, '0.0': {'precision': 0.25, 'recall': 0.16666666666666666, 'f1-score': 0.2, 'support': 6}, '1.0': {'precision': 0.6296296296296297, 'recall': 0.85, 'f1-score': 0.723404255319149, 'support': 20}, 'accuracy': 0.6041666666666666, 'macro avg': {'precision': 0.5088961510530138, 'recall': 0.5055555555555555, 'f1-score': 0.49583560647390446, 'support': 48}, 'weighted avg': {'precision': 0.5901643064633261, 'recall': 0.6041666666666666, 'f1-score': 0.5849654482633206, 'support': 48}}"
Sensibilidade,0.6041666666666666
Especificidade,0.7857142857142857
