Métrica,Valor
Acurácia,0.5263157894736842
Matriz de Confusão,"[[ 3  1  2]
 [13  3 22]
 [ 0  0  4]]"
Relatório de Classificação,"{'-1.0': {'precision': 0.1875, 'recall': 0.5, 'f1-score': 0.2727272727272727, 'support': 6}, '0.0': {'precision': 0.75, 'recall': 0.07894736842105263, 'f1-score': 0.14285714285714285, 'support': 38}, '1.0': {'precision': 0.14285714285714285, 'recall': 1.0, 'f1-score': 0.25, 'support': 4}, 'accuracy': 0.20833333333333334, 'macro avg': {'precision': 0.3601190476190476, 'recall': 0.5263157894736842, 'f1-score': 0.22186147186147184, 'support': 48}, 'weighted avg': {'precision': 0.629092261904762, 'recall': 0.20833333333333334, 'f1-score': 0.16801948051948049, 'support': 48}}"
Sensibilidade,0.20833333333333334
Especificidade,0.75
