Model,Average Accuracy
10_1,1.0
10_7,0.7727272727272727
6_1,0.9444444444444444
8_7,0.6739130434782609
6_7,0.9375
4_3,0.9814814814814815
8_1,0.9807692307692307
10_3,1.0
8_3,1.0
4_1,0.8392857142857143
6_3,1.0
4_7,1.0
