Métrica,Valor
Acurácia Média,0.46163497702326645
Sensibilidade Média,0.5218702865761689
Especificidade Média,0.9398445571522495
