Métrica,Valor
Acurácia,0.3333333333333333
Matriz de Confusão,"[[ 1  0  5]
 [14  0 25]
 [ 1  0  5]]"
Relatório de Classificação,"{'-1.0': {'precision': 0.0625, 'recall': 0.16666666666666666, 'f1-score': 0.09090909090909091, 'support': 6}, '0.0': {'precision': 0.0, 'recall': 0.0, 'f1-score': 0.0, 'support': 39}, '1.0': {'precision': 0.14285714285714285, 'recall': 0.8333333333333334, 'f1-score': 0.2439024390243902, 'support': 6}, 'accuracy': 0.11764705882352941, 'macro avg': {'precision': 0.06845238095238095, 'recall': 0.3333333333333333, 'f1-score': 0.11160384331116037, 'support': 51}, 'weighted avg': {'precision': 0.02415966386554622, 'recall': 0.11764705882352941, 'f1-score': 0.039389591756880137, 'support': 51}}"
Sensibilidade,0.11764705882352941
Especificidade,1.0
