Métrica,Valor
Acurácia,0.44915824915824915
Matriz de Confusão,"[[14  0  8]
 [ 5  1  3]
 [ 7  1 12]]"
Relatório de Classificação,"{'-1.0': {'precision': 0.5384615384615384, 'recall': 0.6363636363636364, 'f1-score': 0.5833333333333334, 'support': 22}, '0.0': {'precision': 0.5, 'recall': 0.1111111111111111, 'f1-score': 0.1818181818181818, 'support': 9}, '1.0': {'precision': 0.5217391304347826, 'recall': 0.6, 'f1-score': 0.5581395348837209, 'support': 20}, 'accuracy': 0.5294117647058824, 'macro avg': {'precision': 0.520066889632107, 'recall': 0.44915824915824915, 'f1-score': 0.44109701667841206, 'support': 51}, 'weighted avg': {'precision': 0.5251164010754804, 'recall': 0.5294117647058824, 'f1-score': 0.502597797399439, 'support': 51}}"
Sensibilidade,0.5294117647058824
Especificidade,1.0
