Métrica,Valor
Acurácia,0.5042735042735043
Matriz de Confusão,"[[22  0  4]
 [ 2  0  2]
 [ 7  0 14]]"
Relatório de Classificação,"{'-1.0': {'precision': 0.7096774193548387, 'recall': 0.8461538461538461, 'f1-score': 0.7719298245614036, 'support': 26}, '0.0': {'precision': 0.0, 'recall': 0.0, 'f1-score': 0.0, 'support': 4}, '1.0': {'precision': 0.7, 'recall': 0.6666666666666666, 'f1-score': 0.6829268292682926, 'support': 21}, 'accuracy': 0.7058823529411765, 'macro avg': {'precision': 0.4698924731182796, 'recall': 0.5042735042735043, 'f1-score': 0.484952217943232, 'support': 51}, 'weighted avg': {'precision': 0.6500316255534473, 'recall': 0.7058823529411765, 'f1-score': 0.6747380167300125, 'support': 51}}"
Sensibilidade,0.7058823529411765
Especificidade,1.0
