Métrica,Valor
Acurácia,0.44169246646026833
Matriz de Confusão,"[[14  1  4]
 [13  0  2]
 [ 7  0 10]]"
Relatório de Classificação,"{'-1.0': {'precision': 0.4117647058823529, 'recall': 0.7368421052631579, 'f1-score': 0.5283018867924528, 'support': 19}, '0.0': {'precision': 0.0, 'recall': 0.0, 'f1-score': 0.0, 'support': 15}, '1.0': {'precision': 0.625, 'recall': 0.5882352941176471, 'f1-score': 0.6060606060606061, 'support': 17}, 'accuracy': 0.47058823529411764, 'macro avg': {'precision': 0.3455882352941176, 'recall': 0.44169246646026833, 'f1-score': 0.3781208309510196, 'support': 51}, 'weighted avg': {'precision': 0.36173587081891584, 'recall': 0.47058823529411764, 'f1-score': 0.39883855200170404, 'support': 51}}"
Sensibilidade,0.47058823529411764
Especificidade,0.9333333333333333
