Métrica,Valor
Acurácia,0.4934640522875817
Matriz de Confusão,"[[11  2  4]
 [ 6  6  6]
 [ 6  2  8]]"
Relatório de Classificação,"{'-1.0': {'precision': 0.4782608695652174, 'recall': 0.6470588235294118, 'f1-score': 0.55, 'support': 17}, '0.0': {'precision': 0.6, 'recall': 0.3333333333333333, 'f1-score': 0.42857142857142855, 'support': 18}, '1.0': {'precision': 0.4444444444444444, 'recall': 0.5, 'f1-score': 0.47058823529411764, 'support': 16}, 'accuracy': 0.49019607843137253, 'macro avg': {'precision': 0.5075684380032206, 'recall': 0.4934640522875817, 'f1-score': 0.48305322128851547, 'support': 51}, 'weighted avg': {'precision': 0.5106185469356824, 'recall': 0.49019607843137253, 'f1-score': 0.48222936233316865, 'support': 51}}"
Sensibilidade,0.49019607843137253
Especificidade,0.8461538461538461
