Métrica,Valor
Acurácia,0.48582375478927203
Matriz de Confusão,"[[21  0  8]
 [ 5  0  2]
 [ 4  0 11]]"
Relatório de Classificação,"{'-1.0': {'precision': 0.7, 'recall': 0.7241379310344828, 'f1-score': 0.711864406779661, 'support': 29}, '0.0': {'precision': 0.0, 'recall': 0.0, 'f1-score': 0.0, 'support': 7}, '1.0': {'precision': 0.5238095238095238, 'recall': 0.7333333333333333, 'f1-score': 0.611111111111111, 'support': 15}, 'accuracy': 0.6274509803921569, 'macro avg': {'precision': 0.407936507936508, 'recall': 0.48582375478927203, 'f1-score': 0.44099183929692404, 'support': 51}, 'weighted avg': {'precision': 0.5521008403361344, 'recall': 0.6274509803921569, 'f1-score': 0.584524205162291, 'support': 51}}"
Sensibilidade,0.6274509803921569
Especificidade,1.0
