Métrica,Valor
Acurácia Média,0.8114643649704855
Sensibilidade Média,0.9099836333878886
Especificidade Média,0.8427216567181716
