Métrica,Valor
Acurácia,0.45652173913043476
Matriz de Confusão,"[[42  4]
 [ 1  0]]"
Relatório de Classificação,"{'0': {'precision': 0.9767441860465116, 'recall': 0.9130434782608695, 'f1-score': 0.9438202247191011, 'support': 46}, '1': {'precision': 0.0, 'recall': 0.0, 'f1-score': 0.0, 'support': 1}, 'accuracy': 0.8936170212765957, 'macro avg': {'precision': 0.4883720930232558, 'recall': 0.45652173913043476, 'f1-score': 0.47191011235955055, 'support': 47}, 'weighted avg': {'precision': 0.9559623948540327, 'recall': 0.8936170212765957, 'f1-score': 0.9237389433420989, 'support': 47}}"
Sensibilidade,0.8936170212765957
Especificidade,0.9130434782608695
