Métrica,Valor
Acurácia,0.438953488372093
Matriz de Confusão,"[[27 16]
 [ 3  1]]"
Relatório de Classificação,"{'0': {'precision': 0.9, 'recall': 0.627906976744186, 'f1-score': 0.7397260273972602, 'support': 43}, '1': {'precision': 0.058823529411764705, 'recall': 0.25, 'f1-score': 0.09523809523809523, 'support': 4}, 'accuracy': 0.5957446808510638, 'macro avg': {'precision': 0.47941176470588237, 'recall': 0.438953488372093, 'f1-score': 0.41748206131767773, 'support': 47}, 'weighted avg': {'precision': 0.8284105131414268, 'recall': 0.5957446808510638, 'f1-score': 0.6848759906177568, 'support': 47}}"
Sensibilidade,0.5957446808510638
Especificidade,0.627906976744186
