Métrica,Valor
Acurácia,0.7391304347826086
Matriz de Confusão,"[[22 24]
 [ 0  1]]"
Relatório de Classificação,"{'0': {'precision': 1.0, 'recall': 0.4782608695652174, 'f1-score': 0.6470588235294118, 'support': 46}, '1': {'precision': 0.04, 'recall': 1.0, 'f1-score': 0.07692307692307693, 'support': 1}, 'accuracy': 0.48936170212765956, 'macro avg': {'precision': 0.52, 'recall': 0.7391304347826086, 'f1-score': 0.3619909502262444, 'support': 47}, 'weighted avg': {'precision': 0.9795744680851064, 'recall': 0.48936170212765956, 'f1-score': 0.634928275729277, 'support': 47}}"
Sensibilidade,0.48936170212765956
Especificidade,0.4782608695652174
