Métrica,Valor
Acurácia Média,0.775891861761427
Sensibilidade Média,0.9113712374581939
Especificidade Média,0.841917502787068
