Métrica,Valor
Acurácia,0.4666666666666667
Matriz de Confusão,"[[42  3]
 [ 1  0]]"
Relatório de Classificação,"{'0': {'precision': 0.9767441860465116, 'recall': 0.9333333333333333, 'f1-score': 0.9545454545454545, 'support': 45}, '1': {'precision': 0.0, 'recall': 0.0, 'f1-score': 0.0, 'support': 1}, 'accuracy': 0.9130434782608695, 'macro avg': {'precision': 0.4883720930232558, 'recall': 0.4666666666666667, 'f1-score': 0.47727272727272724, 'support': 46}, 'weighted avg': {'precision': 0.9555106167846309, 'recall': 0.9130434782608695, 'f1-score': 0.933794466403162, 'support': 46}}"
Sensibilidade,0.9130434782608695
Especificidade,0.9333333333333333
