Métrica,Valor
Acurácia Média,0.7774028297284112
Sensibilidade Média,0.9003496503496504
Especificidade Média,0.8169485553206485
