Métrica,Valor
Acurácia Média,0.8358480649784996
Sensibilidade Média,0.9107692307692308
Especificidade Média,0.8226708074534161
