Métrica,Valor
Acurácia Média,0.4478343595911509
Sensibilidade Média,0.48005698005697994
Especificidade Média,0.7688953210267809
