Métrica,Valor
Acurácia,0.23227513227513227
Matriz de Confusão,"[[ 3  2  5]
 [14 10 11]
 [ 4  4  1]]"
Relatório de Classificação,"{'-1.0': {'precision': 0.14285714285714285, 'recall': 0.3, 'f1-score': 0.19354838709677416, 'support': 10}, '0.0': {'precision': 0.625, 'recall': 0.2857142857142857, 'f1-score': 0.392156862745098, 'support': 35}, '1.0': {'precision': 0.058823529411764705, 'recall': 0.1111111111111111, 'f1-score': 0.07692307692307691, 'support': 9}, 'accuracy': 0.25925925925925924, 'macro avg': {'precision': 0.2755602240896358, 'recall': 0.23227513227513227, 'f1-score': 0.22087610892164966, 'support': 54}, 'weighted avg': {'precision': 0.4413515406162465, 'recall': 0.25925925925925924, 'f1-score': 0.3028385510991456, 'support': 54}}"
Sensibilidade,0.25925925925925924
Especificidade,0.6
