Métrica,Valor
Acurácia,0.4146537842190016
Matriz de Confusão,"[[11  2  9]
 [ 6  2  1]
 [ 8  3 12]]"
Relatório de Classificação,"{'-1.0': {'precision': 0.44, 'recall': 0.5, 'f1-score': 0.46808510638297873, 'support': 22}, '0.0': {'precision': 0.2857142857142857, 'recall': 0.2222222222222222, 'f1-score': 0.25, 'support': 9}, '1.0': {'precision': 0.5454545454545454, 'recall': 0.5217391304347826, 'f1-score': 0.5333333333333332, 'support': 23}, 'accuracy': 0.46296296296296297, 'macro avg': {'precision': 0.4237229437229437, 'recall': 0.4146537842190016, 'f1-score': 0.4171394799054373, 'support': 54}, 'weighted avg': {'precision': 0.45920153920153917, 'recall': 0.46296296296296297, 'f1-score': 0.4595285001313369, 'support': 54}}"
Sensibilidade,0.46296296296296297
Especificidade,0.8461538461538461
