Métrica,Valor
Acurácia,0.5011614401858304
Matriz de Confusão,"[[ 3  1  2]
 [19  6 16]
 [ 0  1  6]]"
Relatório de Classificação,"{'-1.0': {'precision': 0.13636363636363635, 'recall': 0.5, 'f1-score': 0.21428571428571427, 'support': 6}, '0.0': {'precision': 0.75, 'recall': 0.14634146341463414, 'f1-score': 0.24489795918367344, 'support': 41}, '1.0': {'precision': 0.25, 'recall': 0.8571428571428571, 'f1-score': 0.3870967741935483, 'support': 7}, 'accuracy': 0.2777777777777778, 'macro avg': {'precision': 0.37878787878787873, 'recall': 0.5011614401858304, 'f1-score': 0.282093482554312, 'support': 54}, 'weighted avg': {'precision': 0.6170033670033669, 'recall': 0.2777777777777778, 'f1-score': 0.259929778362958, 'support': 54}}"
Sensibilidade,0.2777777777777778
Especificidade,0.75
