Métrica,Valor
Acurácia,0.4561965811965812
Matriz de Confusão,"[[15  4  7]
 [ 2  1  1]
 [ 8  3 13]]"
Relatório de Classificação,"{'-1.0': {'precision': 0.6, 'recall': 0.5769230769230769, 'f1-score': 0.5882352941176471, 'support': 26}, '0.0': {'precision': 0.125, 'recall': 0.25, 'f1-score': 0.16666666666666666, 'support': 4}, '1.0': {'precision': 0.6190476190476191, 'recall': 0.5416666666666666, 'f1-score': 0.5777777777777778, 'support': 24}, 'accuracy': 0.5370370370370371, 'macro avg': {'precision': 0.44801587301587303, 'recall': 0.4561965811965812, 'f1-score': 0.4442265795206972, 'support': 54}, 'weighted avg': {'precision': 0.5732804232804233, 'recall': 0.5370370370370371, 'f1-score': 0.5523602033405955, 'support': 54}}"
Sensibilidade,0.5370370370370371
Especificidade,0.7894736842105263
