Métrica,Valor
Acurácia,0.28021978021978017
Matriz de Confusão,"[[ 6  4 11]
 [ 2  2  3]
 [12  7  7]]"
Relatório de Classificação,"{'-1.0': {'precision': 0.3, 'recall': 0.2857142857142857, 'f1-score': 0.2926829268292683, 'support': 21}, '0.0': {'precision': 0.15384615384615385, 'recall': 0.2857142857142857, 'f1-score': 0.2, 'support': 7}, '1.0': {'precision': 0.3333333333333333, 'recall': 0.2692307692307692, 'f1-score': 0.2978723404255319, 'support': 26}, 'accuracy': 0.2777777777777778, 'macro avg': {'precision': 0.2623931623931624, 'recall': 0.28021978021978017, 'f1-score': 0.26351842241826673, 'support': 54}, 'weighted avg': {'precision': 0.2971035137701804, 'recall': 0.2777777777777778, 'f1-score': 0.28316707989774936, 'support': 54}}"
Sensibilidade,0.2777777777777778
Especificidade,0.6
