Métrica,Valor
Acurácia Média,0.4450206626014531
Sensibilidade Média,0.4584615384615385
Especificidade Média,0.7312882980452641
