Métrica,Valor
Acurácia,0.5280632411067193
Matriz de Confusão,"[[14  3  5]
 [ 1  3  1]
 [12  3  8]]"
Relatório de Classificação,"{'-1.0': {'precision': 0.5185185185185185, 'recall': 0.6363636363636364, 'f1-score': 0.5714285714285714, 'support': 22}, '0.0': {'precision': 0.3333333333333333, 'recall': 0.6, 'f1-score': 0.42857142857142855, 'support': 5}, '1.0': {'precision': 0.5714285714285714, 'recall': 0.34782608695652173, 'f1-score': 0.4324324324324324, 'support': 23}, 'accuracy': 0.5, 'macro avg': {'precision': 0.47442680776014107, 'recall': 0.5280632411067193, 'f1-score': 0.4774774774774775, 'support': 50}, 'weighted avg': {'precision': 0.5243386243386243, 'recall': 0.5, 'f1-score': 0.4932046332046332, 'support': 50}}"
Sensibilidade,0.5
Especificidade,0.8235294117647058
