Métrica,Valor
Acurácia,0.41534391534391535
Matriz de Confusão,"[[ 2  2  3]
 [ 8 14 14]
 [ 2  1  4]]"
Relatório de Classificação,"{'-1.0': {'precision': 0.16666666666666666, 'recall': 0.2857142857142857, 'f1-score': 0.2105263157894737, 'support': 7}, '0.0': {'precision': 0.8235294117647058, 'recall': 0.3888888888888889, 'f1-score': 0.5283018867924528, 'support': 36}, '1.0': {'precision': 0.19047619047619047, 'recall': 0.5714285714285714, 'f1-score': 0.2857142857142857, 'support': 7}, 'accuracy': 0.4, 'macro avg': {'precision': 0.3935574229691876, 'recall': 0.41534391534391535, 'f1-score': 0.3415141627654041, 'support': 50}, 'weighted avg': {'precision': 0.6429411764705882, 'recall': 0.4, 'f1-score': 0.44985104270109233, 'support': 50}}"
Sensibilidade,0.4
Especificidade,0.5
