Métrica,Valor
Acurácia,0.4386724386724386
Matriz de Confusão,"[[14  1  6]
 [ 3  2  2]
 [ 9  5  8]]"
Relatório de Classificação,"{'-1.0': {'precision': 0.5384615384615384, 'recall': 0.6666666666666666, 'f1-score': 0.5957446808510638, 'support': 21}, '0.0': {'precision': 0.25, 'recall': 0.2857142857142857, 'f1-score': 0.26666666666666666, 'support': 7}, '1.0': {'precision': 0.5, 'recall': 0.36363636363636365, 'f1-score': 0.4210526315789474, 'support': 22}, 'accuracy': 0.48, 'macro avg': {'precision': 0.42948717948717946, 'recall': 0.4386724386724386, 'f1-score': 0.42782132636555925, 'support': 50}, 'weighted avg': {'precision': 0.48115384615384615, 'recall': 0.48, 'f1-score': 0.472809257185517, 'support': 50}}"
Sensibilidade,0.48
Especificidade,0.9333333333333333
