Métrica,Valor
Acurácia Média,0.48431076453040794
Sensibilidade Média,0.5292307692307692
Especificidade Média,0.922505925447102
