Métrica,Valor
Acurácia,0.5096618357487922
Matriz de Confusão,"[[16  2  5]
 [ 2  1  3]
 [ 5  2 14]]"
Relatório de Classificação,"{'-1.0': {'precision': 0.6956521739130435, 'recall': 0.6956521739130435, 'f1-score': 0.6956521739130435, 'support': 23}, '0.0': {'precision': 0.2, 'recall': 0.16666666666666666, 'f1-score': 0.1818181818181818, 'support': 6}, '1.0': {'precision': 0.6363636363636364, 'recall': 0.6666666666666666, 'f1-score': 0.6511627906976744, 'support': 21}, 'accuracy': 0.62, 'macro avg': {'precision': 0.5106719367588933, 'recall': 0.5096618357487922, 'f1-score': 0.5095443821429665, 'support': 50}, 'weighted avg': {'precision': 0.6112727272727273, 'recall': 0.62, 'f1-score': 0.615306553911205, 'support': 50}}"
Sensibilidade,0.62
Especificidade,0.8888888888888888
